Brand,Model,Processor,RAM_GB,Storage_GB,GPU,Screen_Size,Weight_kg,Launch_Year,Customer_Rating,Review_Count,Demand_Index,Competitor_Price,Price
MSI,Model_0,Ryzen 5,8.0,2048.0,Integrated,17.3,1.1,2019,4.2,4568.0,20,1372.0,300.0
Apple,Model_1,Ryzen 9,8.0,128.0,Integrated,14.0,1.95,2023,3.0,3917.0,72,1784.0,300.0
Asus,Model_2,i3,64.0,128.0,NVIDIA RTX 3050,17.3,2.79,2018,4.0,817.0,79,1383.0,300.0
MSI,Model_3,i7,8.0,512.0,NVIDIA RTX 3060,14.0,3.05,2022,3.2,196.0,53,1911.0,315.75
Lenovo,Model_4,i5,32.0,1024.0,NVIDIA RTX 3080,17.3,2.91,2021,4.2,4837.0,23,751.0,317.27
Razer,Model_5,M2,8.0,256.0,NVIDIA GTX 1650,13.3,0.92,2018,4.5,4534.0,36,2124.0,334.79
Asus,Model_6,Ryzen 7,64.0,128.0,NVIDIA RTX 3050,13.3,1.29,2018,4.4,1317.0,23,2351.0,496.32
Asus,Model_7,i7,8.0,2048.0,NVIDIA RTX 3050,13.3,1.74,2022,4.4,2294.0,62,1679.0,423.1
MSI,Model_8,M1,32.0,512.0,NVIDIA RTX 3080,13.3,1.32,2021,3.0,4876.0,23,2307.0,300.0
HP,Model_9,,,,,13.3,3.39,2024,,,20,,300.0
Lenovo,Model_10,i5,64.0,512.0,NVIDIA GTX 1650,13.3,2.75,2018,4.2,4241.0,90,1424.0,465.36
MSI,Model_11,Ryzen 7,4.0,256.0,NVIDIA GTX 1650,14.0,3.1,2018,3.4,4897.0,69,945.0,300.0
Lenovo,Model_12,Ryzen 9,4.0,256.0,NVIDIA RTX 3080,16.0,1.41,2021,3.6,3864.0,92,1869.0,301.11
Lenovo,Model_13,i5,4.0,128.0,Integrated,17.3,1.78,2020,2.6,4276.0,80,478.0,300.0
Razer,Model_14,i5,16.0,512.0,NVIDIA RTX 3050,13.3,1.83,2018,3.1,2216.0,54,1659.0,358.09
Asus,Model_15,i3,16.0,512.0,NVIDIA RTX 3070,14.0,0.8,2019,2.6,3568.0,27,2781.0,365.45
Apple,Model_16,M1,4.0,2048.0,NVIDIA GTX 1650,14.0,3.05,2021,4.7,1590.0,43,1288.0,302.78
Razer,Model_17,i3,64.0,2048.0,NVIDIA GTX 1650,14.0,2.59,2018,3.1,971.0,55,1505.0,548.62
Razer,Model_18,M2,32.0,128.0,NVIDIA RTX 3080,16.0,3.22,2022,3.9,3857.0,69,2949.0,300.0
Lenovo,Model_19,Ryzen 7,32.0,128.0,NVIDIA RTX 3060,17.3,3.02,2023,2.6,3585.0,62,2390.0,406.14
Acer,Model_20,Ryzen 9,8.0,1024.0,NVIDIA RTX 3070,16.0,2.06,2019,4.2,885.0,46,1900.0,307.2
Asus,Model_21,Ryzen 9,64.0,2048.0,NVIDIA RTX 3070,15.6,1.42,2023,3.3,2428.0,51,1320.0,429.05
HP,Model_22,i7,16.0,256.0,NVIDIA GTX 1650,14.0,1.15,2023,4.7,4208.0,97,949.0,397.26
Razer,Model_23,i5,4.0,512.0,Integrated,15.6,1.93,2018,4.7,1011.0,37,2461.0,300.0
Apple,Model_24,M2,8.0,128.0,NVIDIA RTX 3060,13.3,2.12,2019,3.3,3394.0,47,791.0,300.0
Acer,Model_25,M1,32.0,512.0,NVIDIA RTX 3070,13.3,2.43,2019,4.8,4076.0,48,2757.0,354.76
Acer,Model_26,Ryzen 9,16.0,512.0,NVIDIA GTX 1650,16.0,1.88,2020,5.0,2855.0,35,2833.0,373.1
HP,Model_27,M2,16.0,1024.0,NVIDIA RTX 3070,17.3,2.49,2023,4.6,1491.0,66,1780.0,300.67
Razer,Model_28,i9,4.0,2048.0,AMD Radeon RX 6600M,15.6,2.03,2019,4.6,3311.0,78,1373.0,302.76
Apple,Model_29,i9,32.0,128.0,NVIDIA RTX 3060,17.3,1.79,2020,3.1,667.0,50,739.0,342.13
Asus,Model_30,,,,,16.0,0.75,2021,,,23,,415.41
Dell,Model_31,M1,16.0,128.0,AMD Radeon RX 6600M,13.3,3.25,2020,2.7,432.0,56,1445.0,323.32
Apple,Model_32,i7,4.0,256.0,NVIDIA RTX 3050,17.3,0.92,2022,2.7,3691.0,36,2738.0,566.69
HP,Model_33,Ryzen 9,64.0,1024.0,AMD Radeon RX 6600M,17.3,1.37,2024,5.0,4276.0,58,2753.0,516.33
Acer,Model_34,i5,32.0,256.0,NVIDIA RTX 3080,13.3,1.68,2018,3.3,2720.0,67,1338.0,337.88
Asus,Model_35,i5,16.0,128.0,NVIDIA RTX 3080,15.6,2.27,2021,4.4,462.0,65,1247.0,300.0
Apple,Model_36,Ryzen 9,64.0,128.0,NVIDIA GTX 1650,13.3,2.57,2024,4.5,2407.0,67,841.0,300.0
Dell,Model_37,Ryzen 7,64.0,2048.0,NVIDIA RTX 3060,17.3,1.93,2024,4.6,1985.0,58,2950.0,533.38
Dell,Model_38,i7,64.0,512.0,NVIDIA RTX 3050,15.6,1.71,2021,5.0,1667.0,23,529.0,300.0
Lenovo,Model_39,M2,16.0,512.0,NVIDIA RTX 3050,15.6,1.14,2022,3.1,2551.0,49,996.0,300.0
Lenovo,Model_40,Ryzen 7,16.0,256.0,NVIDIA RTX 3070,13.3,2.49,2020,2.6,3085.0,49,2358.0,300.0
MSI,Model_41,Ryzen 7,8.0,1024.0,NVIDIA RTX 3070,17.3,1.56,2018,3.5,3174.0,41,1905.0,317.98
HP,Model_42,i3,32.0,512.0,AMD Radeon RX 6600M,16.0,1.6,2020,2.8,2976.0,94,1261.0,300.0
Razer,Model_43,i9,4.0,2048.0,NVIDIA RTX 3050,17.3,3.13,2019,2.6,2063.0,85,1398.0,300.0
Apple,Model_44,Ryzen 7,64.0,256.0,AMD Radeon RX 6600M,14.0,1.61,2020,3.4,297.0,31,2772.0,428.9
Apple,Model_45,Ryzen 7,8.0,256.0,AMD Radeon RX 6600M,16.0,1.52,2021,4.5,3227.0,55,2895.0,346.3
Razer,Model_46,Ryzen 5,4.0,2048.0,NVIDIA RTX 3070,15.6,1.26,2018,3.9,3864.0,37,1951.0,363.41
MSI,Model_47,i3,8.0,1024.0,NVIDIA RTX 3060,16.0,2.47,2020,3.3,1457.0,72,2040.0,384.7
Acer,Model_48,M1,16.0,2048.0,AMD Radeon RX 6600M,15.6,2.46,2018,4.1,617.0,90,1911.0,416.21
Acer,Model_49,Ryzen 5,64.0,1024.0,Integrated,15.6,2.73,2018,3.1,4562.0,20,2136.0,327.25
MSI,Model_50,Ryzen 5,4.0,2048.0,NVIDIA RTX 3060,16.0,1.92,2019,2.5,1774.0,77,1849.0,468.37
Acer,Model_51,Ryzen 9,4.0,2048.0,NVIDIA RTX 3050,15.6,1.41,2019,4.4,1235.0,25,2257.0,467.85
Lenovo,Model_52,i9,4.0,128.0,NVIDIA RTX 3050,15.6,2.63,2021,4.1,1245.0,89,664.0,300.0
Apple,Model_53,Ryzen 7,4.0,256.0,AMD Radeon RX 6600M,14.0,1.54,2022,4.4,1039.0,63,1862.0,343.31
MSI,Model_54,i9,4.0,2048.0,NVIDIA RTX 3060,17.3,1.5,2024,2.6,2681.0,91,556.0,327.64
Apple,Model_55,i7,8.0,2048.0,NVIDIA RTX 3070,17.3,2.42,2018,4.6,3972.0,43,1845.0,300.0
Razer,Model_56,Ryzen 9,64.0,512.0,NVIDIA RTX 3070,14.0,3.22,2022,4.0,4552.0,38,2698.0,539.9
Dell,Model_57,M1,16.0,256.0,NVIDIA RTX 3080,16.0,2.69,2024,3.9,4940.0,37,2032.0,300.0
Lenovo,Model_58,i9,16.0,512.0,NVIDIA RTX 3050,13.3,1.35,2024,4.1,3187.0,49,2977.0,349.14
Asus,Model_59,i5,16.0,256.0,NVIDIA GTX 1650,13.3,1.88,2021,4.7,3732.0,61,2774.0,362.48
Lenovo,Model_60,i7,16.0,512.0,NVIDIA RTX 3080,13.3,0.91,2024,4.0,4916.0,52,1294.0,300.0
MSI,Model_61,i3,8.0,2048.0,NVIDIA RTX 3070,14.0,0.82,2024,4.0,1485.0,93,2544.0,487.97
Asus,Model_62,M1,32.0,2048.0,NVIDIA RTX 3060,14.0,2.37,2018,5.0,2906.0,31,912.0,379.41
Dell,Model_63,i7,64.0,128.0,NVIDIA RTX 3070,15.6,1.47,2018,4.4,818.0,46,615.0,300.0
MSI,Model_64,Ryzen 9,4.0,512.0,NVIDIA RTX 3060,13.3,2.69,2023,3.6,988.0,58,2572.0,434.66
HP,Model_65,Ryzen 5,32.0,1024.0,NVIDIA RTX 3080,16.0,3.1,2022,4.3,2473.0,28,2106.0,300.0
Apple,Model_66,Ryzen 5,16.0,128.0,NVIDIA RTX 3050,16.0,2.65,2020,3.5,735.0,40,2506.0,351.76
Dell,Model_67,Ryzen 9,32.0,512.0,NVIDIA RTX 3070,13.3,1.2,2019,3.1,2511.0,95,1967.0,300.0
Apple,Model_68,,,,,13.3,1.37,2020,,,48,,470.44
Acer,Model_69,Ryzen 5,4.0,128.0,NVIDIA RTX 3060,13.3,2.59,2022,4.8,1226.0,52,2731.0,406.21
HP,Model_70,i3,4.0,2048.0,NVIDIA RTX 3050,14.0,1.66,2019,4.8,4061.0,81,2553.0,512.9
HP,Model_71,i3,64.0,512.0,NVIDIA GTX 1650,14.0,1.65,2020,3.4,2207.0,34,1528.0,335.15
Dell,Model_72,i5,64.0,2048.0,NVIDIA RTX 3060,14.0,1.54,2023,3.8,2816.0,21,627.0,300.0
HP,Model_73,,,,,17.3,1.64,2019,,,71,,99999.0
Asus,Model_74,M2,4.0,2048.0,NVIDIA GTX 1650,16.0,1.17,2018,5.0,982.0,63,1887.0,400.52
HP,Model_75,M1,32.0,256.0,NVIDIA GTX 1650,16.0,2.01,2020,5.0,2820.0,73,1201.0,308.68
Apple,Model_76,,,,,15.6,1.79,2019,,,37,,387.57
Apple,Model_77,i3,8.0,512.0,NVIDIA RTX 3070,14.0,1.82,2023,4.5,608.0,22,2305.0,300.0
MSI,Model_78,Ryzen 9,64.0,1024.0,NVIDIA RTX 3060,17.3,2.97,2024,4.3,3351.0,26,871.0,300.0
Apple,Model_79,Ryzen 5,16.0,2048.0,NVIDIA GTX 1650,17.3,2.35,2019,4.0,234.0,62,1479.0,300.0
MSI,Model_80,Ryzen 7,8.0,512.0,Integrated,16.0,2.86,2019,2.6,850.0,57,2460.0,439.4
Apple,Model_81,Ryzen 9,4.0,2048.0,NVIDIA RTX 3080,14.0,1.07,2023,3.6,1824.0,56,1441.0,300.0
Asus,Model_82,i7,64.0,256.0,NVIDIA RTX 3050,15.6,1.34,2024,4.2,4819.0,77,2560.0,501.1
Razer,Model_83,i7,32.0,128.0,AMD Radeon RX 6600M,14.0,1.74,2020,4.2,1116.0,52,628.0,300.0
MSI,Model_84,,,,,13.3,2.62,2021,,,78,,300.0
Lenovo,Model_85,Ryzen 7,32.0,256.0,NVIDIA RTX 3060,14.0,1.14,2020,4.9,3256.0,30,694.0,300.0
Acer,Model_86,M2,64.0,256.0,NVIDIA GTX 1650,13.3,1.8,2024,2.9,2941.0,87,588.0,300.0
Dell,Model_87,Ryzen 5,64.0,512.0,AMD Radeon RX 6600M,13.3,1.34,2022,3.8,4135.0,87,825.0,378.93
Apple,Model_88,i3,64.0,2048.0,NVIDIA RTX 3070,15.6,3.13,2023,4.2,2981.0,41,1376.0,300.0
HP,Model_89,i9,32.0,256.0,AMD Radeon RX 6600M,16.0,1.99,2020,4.2,2027.0,85,1502.0,300.0
Razer,Model_90,Ryzen 5,32.0,1024.0,AMD Radeon RX 6600M,14.0,2.18,2019,4.1,2425.0,63,1318.0,300.0
Apple,Model_91,Ryzen 5,64.0,256.0,AMD Radeon RX 6600M,13.3,2.35,2023,3.2,4600.0,25,898.0,300.0
HP,Model_92,Ryzen 9,8.0,2048.0,Integrated,14.0,1.85,2018,2.9,3106.0,61,2221.0,300.0
Acer,Model_93,i9,16.0,2048.0,NVIDIA GTX 1650,16.0,1.81,2024,4.1,1619.0,44,1265.0,373.94
Acer,Model_94,i3,16.0,1024.0,NVIDIA RTX 3070,16.0,1.97,2020,4.0,727.0,76,1225.0,431.53
Acer,Model_95,Ryzen 5,16.0,256.0,NVIDIA GTX 1650,17.3,1.06,2023,2.9,3571.0,74,2258.0,356.61
HP,Model_96,Ryzen 9,32.0,2048.0,NVIDIA RTX 3060,16.0,2.45,2020,4.3,1026.0,35,2518.0,449.29
Apple,Model_97,Ryzen 7,32.0,512.0,NVIDIA RTX 3060,15.6,0.7,2023,3.6,3575.0,33,2695.0,300.0
Acer,Model_98,Ryzen 5,8.0,128.0,NVIDIA RTX 3060,13.3,1.23,2019,4.2,4711.0,58,545.0,300.0
Asus,Model_99,i9,16.0,128.0,NVIDIA RTX 3080,17.3,1.55,2018,4.6,4480.0,47,2041.0,300.0
MSI,Model_100,i5,16.0,128.0,AMD Radeon RX 6600M,15.6,1.11,2018,2.9,1970.0,70,1719.0,300.0
HP,Model_101,i9,64.0,256.0,NVIDIA RTX 3080,14.0,2.56,2022,2.5,1058.0,68,869.0,334.92
HP,Model_102,i7,32.0,1024.0,Integrated,13.3,1.77,2023,4.4,1367.0,28,592.0,300.0
Apple,Model_103,i3,16.0,2048.0,NVIDIA RTX 3060,16.0,1.74,2020,4.0,3436.0,77,1491.0,628.51
HP,Model_104,,,,,13.3,0.9,2018,,,64,,150000.0
HP,Model_105,Ryzen 5,1024.0,512.0,NVIDIA GTX 1650,14.0,1.14,2024,4.6,2105.0,41,451.0,300.0
Acer,Model_106,i9,16.0,256.0,AMD Radeon RX 6600M,17.3,1.86,2018,4.5,1811.0,51,2810.0,300.0
Apple,Model_107,M1,32.0,128.0,NVIDIA RTX 3050,17.3,2.75,2021,4.9,2156.0,88,2220.0,300.0
Acer,Model_108,Ryzen 9,8.0,256.0,NVIDIA RTX 3070,17.3,2.54,2021,3.8,1630.0,88,2921.0,440.39
MSI,Model_109,i5,64.0,1024.0,AMD Radeon RX 6600M,16.0,1.0,2018,3.7,4790.0,61,2269.0,449.37
Razer,Model_110,i3,8.0,1024.0,NVIDIA RTX 3080,15.6,1.96,2023,3.5,2960.0,72,2968.0,300.0
MSI,Model_111,i9,4.0,2048.0,NVIDIA RTX 3080,15.6,1.31,2022,2.9,3802.0,78,2186.0,429.55
Razer,Model_112,M1,4.0,2048.0,NVIDIA RTX 3070,13.3,1.9,2018,3.9,2951.0,93,1854.0,327.91
Acer,Model_113,i5,32.0,1024.0,NVIDIA RTX 3080,16.0,1.9,2019,3.2,4915.0,58,2267.0,300.0
MSI,Model_114,i7,16.0,1024.0,NVIDIA RTX 3060,17.3,1.51,2020,4.8,987.0,34,2979.0,362.86
Apple,Model_115,i3,32.0,1024.0,Integrated,17.3,1.65,2022,4.0,3076.0,90,2407.0,306.11
Dell,Model_116,i3,32.0,256.0,NVIDIA GTX 1650,14.0,2.08,2019,4.0,793.0,48,1834.0,300.0
Acer,Model_117,i7,32.0,1024.0,Integrated,14.0,2.4,2022,3.4,250.0,22,1239.0,300.0
Razer,Model_118,Ryzen 5,32.0,512.0,AMD Radeon RX 6600M,17.3,2.49,2019,2.6,1563.0,29,640.0,300.0
Asus,Model_119,i7,64.0,128.0,NVIDIA GTX 1650,17.3,0.75,2020,2.6,4588.0,48,935.0,300.0
Razer,Model_120,i3,64.0,1024.0,NVIDIA GTX 1650,16.0,2.86,2020,3.6,1022.0,98,1807.0,389.55
Asus,Model_121,i3,8.0,128.0,Integrated,15.6,2.92,2021,2.7,196.0,54,482.0,300.0
HP,Model_122,M1,4.0,256.0,NVIDIA RTX 3070,14.0,2.9,2023,4.0,1891.0,25,1381.0,300.0
MSI,Model_123,i5,32.0,128.0,NVIDIA GTX 1650,15.6,2.03,2019,4.7,4596.0,31,1350.0,300.0
Asus,Model_124,,,,,16.0,2.34,2021,,,57,,300.0
Razer,Model_125,i5,4.0,512.0,NVIDIA GTX 1650,17.3,1.32,2019,4.1,248.0,96,973.0,300.0
HP,Model_126,i7,16.0,256.0,NVIDIA RTX 3050,15.6,2.5,2021,3.0,2355.0,38,2733.0,300.0
Dell,Model_127,Ryzen 9,64.0,256.0,NVIDIA RTX 3070,17.3,1.8,2020,4.7,85.0,86,1388.0,371.98
Apple,Model_128,i3,4.0,2048.0,NVIDIA RTX 3060,17.3,1.43,2022,4.7,1366.0,27,858.0,300.0
Apple,Model_129,M1,16.0,1024.0,NVIDIA GTX 1650,13.3,1.53,2024,3.0,4932.0,27,2573.0,331.2
Apple,Model_130,i5,4.0,1024.0,NVIDIA RTX 3050,15.6,2.67,2021,4.3,2340.0,66,1922.0,311.62
Asus,Model_131,i7,64.0,512.0,NVIDIA RTX 3060,15.6,1.13,2019,3.2,4696.0,23,2872.0,444.13
Dell,Model_132,M2,64.0,512.0,NVIDIA RTX 3060,17.3,1.87,2019,4.5,1912.0,70,2384.0,343.87
Asus,Model_133,Ryzen 9,8.0,1024.0,AMD Radeon RX 6600M,16.0,2.94,2024,5.0,4023.0,86,1966.0,300.0
MSI,Model_134,i9,32.0,2048.0,NVIDIA GTX 1650,13.3,1.73,2023,2.6,4680.0,64,2559.0,323.67
Asus,Model_135,Ryzen 5,4.0,1024.0,Integrated,17.3,1.84,2020,4.7,4997.0,27,2849.0,447.02
Dell,Model_136,i5,4.0,2048.0,NVIDIA GTX 1650,14.0,1.7,2019,4.1,2069.0,35,521.0,300.0
Dell,Model_137,M1,16.0,512.0,NVIDIA RTX 3050,14.0,2.17,2018,4.9,150.0,96,672.0,300.0
MSI,Model_138,i9,64.0,128.0,NVIDIA RTX 3060,13.3,1.55,2022,3.7,1799.0,86,1717.0,300.0
Dell,Model_139,M2,4.0,512.0,NVIDIA GTX 1650,16.0,1.84,2021,4.6,3636.0,28,797.0,362.21
Razer,Model_140,Ryzen 5,64.0,512.0,Integrated,17.3,1.27,2023,2.7,26.0,79,2918.0,410.35
Dell,Model_141,M2,4.0,256.0,AMD Radeon RX 6600M,15.6,1.97,2024,3.3,4358.0,97,1384.0,300.0
Apple,Model_142,i9,8.0,256.0,NVIDIA GTX 1650,13.3,2.08,2022,2.7,474.0,96,1630.0,300.0
Razer,Model_143,Ryzen 5,32.0,256.0,NVIDIA RTX 3070,16.0,1.08,2020,4.9,4481.0,90,1533.0,300.0
Razer,Model_144,M2,4.0,256.0,AMD Radeon RX 6600M,15.6,2.05,2023,4.5,1837.0,34,1701.0,300.0
MSI,Model_145,M1,64.0,2048.0,Integrated,14.0,0.98,2021,4.6,3038.0,90,2310.0,579.35
Lenovo,Model_146,i7,8.0,1024.0,NVIDIA RTX 3050,14.0,1.31,2021,4.8,529.0,60,1905.0,301.8
Lenovo,Model_147,i3,4.0,128.0,NVIDIA RTX 3060,15.6,1.47,2024,2.7,99.0,41,2316.0,300.0
Dell,Model_148,i7,16.0,512.0,NVIDIA GTX 1650,13.3,1.38,2018,3.5,4825.0,43,1219.0,300.0
Razer,Model_149,i9,32.0,2048.0,Integrated,14.0,1.49,2024,2.7,2861.0,63,2356.0,450.69
Lenovo,Model_150,i5,4.0,128.0,AMD Radeon RX 6600M,17.3,1.29,2020,3.0,2853.0,20,2768.0,351.8
Lenovo,Model_151,i3,8.0,2048.0,NVIDIA RTX 3070,15.6,2.25,2023,3.1,4735.0,29,578.0,300.0
Dell,Model_152,Ryzen 9,16.0,2048.0,Integrated,15.6,3.02,2023,3.7,1894.0,99,1296.0,309.46
Lenovo,Model_153,M1,8.0,512.0,NVIDIA RTX 3080,14.0,3.04,2019,3.2,4181.0,91,2666.0,328.78
Asus,Model_154,Ryzen 9,8.0,1024.0,NVIDIA RTX 3070,13.3,1.68,2018,2.8,935.0,75,2372.0,300.0
HP,Model_155,,,,,17.3,2.44,2018,,,69,,70000.0
MSI,Model_156,i3,8.0,1024.0,NVIDIA RTX 3050,13.3,1.92,2023,2.9,979.0,31,891.0,300.0
HP,Model_157,Ryzen 9,16.0,512.0,NVIDIA RTX 3060,16.0,2.74,2023,4.9,1104.0,79,460.0,300.0
Dell,Model_158,Ryzen 9,4.0,512.0,AMD Radeon RX 6600M,16.0,2.97,2022,4.4,3205.0,45,1477.0,300.0
Apple,Model_159,M2,16.0,512.0,NVIDIA RTX 3050,14.0,2.91,2022,4.9,1414.0,97,2103.0,351.8
MSI,Model_160,i7,16.0,128.0,NVIDIA GTX 1650,14.0,1.1,2022,3.6,3374.0,60,2985.0,368.45
Dell,Model_161,M2,32.0,1024.0,Integrated,14.0,1.62,2018,3.2,4300.0,55,464.0,361.51
Razer,Model_162,i3,16.0,1024.0,NVIDIA RTX 3080,16.0,1.01,2019,4.5,3992.0,42,985.0,300.0
Apple,Model_163,i3,16.0,2048.0,NVIDIA RTX 3070,13.3,1.34,2021,3.3,4333.0,62,2127.0,336.06
HP,Model_164,i9,4.0,2048.0,NVIDIA RTX 3070,13.3,1.89,2022,3.2,4023.0,25,2618.0,371.2
Dell,Model_165,M2,32.0,2048.0,Integrated,14.0,2.26,2019,3.1,4566.0,88,934.0,300.0
Razer,Model_166,Ryzen 7,64.0,512.0,NVIDIA RTX 3080,17.3,1.9,2024,2.8,4723.0,62,2555.0,394.57
MSI,Model_167,i7,4.0,1024.0,Integrated,13.3,1.47,2020,3.1,3102.0,44,2270.0,300.0
MSI,Model_168,i3,4.0,512.0,NVIDIA GTX 1650,16.0,2.41,2022,3.4,4169.0,37,1404.0,300.0
Acer,Model_169,i9,64.0,128.0,NVIDIA RTX 3050,15.6,2.09,2024,4.2,2084.0,81,2899.0,300.0
Razer,Model_170,M2,16.0,2048.0,AMD Radeon RX 6600M,15.6,1.17,2021,2.7,294.0,32,1629.0,396.69
Asus,Model_171,i7,8.0,512.0,NVIDIA RTX 3070,15.6,2.06,2020,3.0,4943.0,62,1439.0,300.0
Lenovo,Model_172,M2,32.0,512.0,NVIDIA GTX 1650,17.3,1.62,2020,4.5,4936.0,97,726.0,333.56
Apple,Model_173,Ryzen 9,8.0,128.0,NVIDIA RTX 3050,14.0,1.57,2021,2.9,1197.0,47,1007.0,300.0
Razer,Model_174,i9,64.0,256.0,NVIDIA GTX 1650,16.0,3.21,2022,3.4,3979.0,37,401.0,300.0
Acer,Model_175,i7,4.0,1024.0,NVIDIA RTX 3080,17.3,2.98,2018,4.7,2975.0,78,1433.0,328.62
Lenovo,Model_176,Ryzen 5,4.0,256.0,NVIDIA RTX 3070,16.0,1.93,2021,2.9,4329.0,79,2881.0,332.76
Lenovo,Model_177,Ryzen 5,32.0,2048.0,AMD Radeon RX 6600M,16.0,1.59,2021,2.7,793.0,82,524.0,300.0
Dell,Model_178,i7,4.0,512.0,Integrated,14.0,1.49,2021,3.7,959.0,76,1504.0,300.0
Lenovo,Model_179,M2,4.0,128.0,Integrated,15.6,2.66,2020,3.3,3949.0,70,2932.0,312.36
Asus,Model_180,i9,32.0,128.0,NVIDIA RTX 3050,14.0,1.88,2019,3.9,54.0,75,2261.0,347.93
MSI,Model_181,Ryzen 5,32.0,1024.0,AMD Radeon RX 6600M,17.3,1.82,2024,4.5,1820.0,46,1573.0,446.74
Acer,Model_182,i9,64.0,256.0,NVIDIA RTX 3060,17.3,1.33,2018,2.8,4576.0,51,528.0,300.0
Lenovo,Model_183,Ryzen 5,4.0,1024.0,NVIDIA RTX 3080,17.3,2.73,2022,4.0,2091.0,28,837.0,300.0
Dell,Model_184,Ryzen 9,4.0,512.0,NVIDIA RTX 3050,14.0,1.56,2022,3.8,3508.0,87,1150.0,327.31
Asus,Model_185,M2,64.0,1024.0,NVIDIA RTX 3060,16.0,1.63,2024,2.9,839.0,65,2948.0,490.04
HP,Model_186,Ryzen 9,16.0,128.0,NVIDIA GTX 1650,16.0,1.12,2019,4.1,1919.0,86,1621.0,300.0
MSI,Model_187,Ryzen 5,16.0,128.0,NVIDIA RTX 3080,13.3,1.63,2021,3.2,2591.0,45,2658.0,300.0
MSI,Model_188,Ryzen 9,16.0,2048.0,NVIDIA GTX 1650,17.3,2.93,2018,3.7,701.0,27,1301.0,300.0
Acer,Model_189,Ryzen 5,64.0,2048.0,AMD Radeon RX 6600M,16.0,1.22,2022,2.7,4029.0,25,2492.0,589.18
MSI,Model_190,i7,4.0,512.0,NVIDIA RTX 3070,13.3,0.99,2024,3.6,941.0,99,1702.0,300.0
Lenovo,Model_191,Ryzen 9,64.0,256.0,NVIDIA RTX 3080,16.0,2.97,2023,3.3,4946.0,43,2982.0,447.95
Dell,Model_192,i5,64.0,1024.0,NVIDIA RTX 3060,17.3,2.51,2024,4.6,3416.0,67,1833.0,300.0
MSI,Model_193,M2,16.0,512.0,NVIDIA RTX 3070,15.6,2.3,2022,2.6,157.0,64,2908.0,419.67
MSI,Model_194,,,,,17.3,2.65,2021,,,32,,300.0
HP,Model_195,Ryzen 7,4.0,1024.0,NVIDIA RTX 3060,14.0,1.0,2023,3.6,1321.0,88,1467.0,300.0
HP,Model_196,Ryzen 9,16.0,2048.0,NVIDIA RTX 3050,16.0,1.25,2019,4.3,397.0,44,426.0,300.0
Apple,Model_197,M1,8.0,1024.0,Integrated,16.0,0.9,2018,3.9,3131.0,39,947.0,300.0
Asus,Model_198,M2,8.0,256.0,Integrated,14.0,1.49,2019,4.2,1883.0,85,966.0,300.0
Lenovo,Model_199,i5,32.0,512.0,NVIDIA RTX 3050,14.0,1.76,2019,4.4,3598.0,93,1103.0,300.0
MSI,Model_200,i5,4.0,1024.0,NVIDIA RTX 3080,15.6,2.98,2024,4.7,925.0,64,1642.0,300.0
Razer,Model_201,Ryzen 5,8.0,128.0,Integrated,16.0,1.46,2018,3.3,1888.0,66,584.0,300.0
MSI,Model_202,Ryzen 5,16.0,128.0,AMD Radeon RX 6600M,16.0,1.5,2018,3.8,3758.0,82,1990.0,325.96
Dell,Model_203,Ryzen 7,32.0,1024.0,NVIDIA RTX 3060,15.6,1.45,2022,4.6,287.0,95,2313.0,413.97
Apple,Model_204,i7,4.0,1024.0,NVIDIA RTX 3070,13.3,1.8,2022,5.0,1987.0,96,1247.0,334.13
Asus,Model_205,M1,64.0,1024.0,Integrated,15.6,1.41,2018,4.7,1869.0,74,998.0,300.0
Razer,Model_206,i3,16.0,128.0,NVIDIA RTX 3060,17.3,0.86,2023,3.4,3046.0,94,1205.0,300.0
Apple,Model_207,Ryzen 7,8.0,128.0,NVIDIA GTX 1650,16.0,1.32,2020,3.0,3381.0,38,1757.0,300.0
Acer,Model_208,i9,8.0,1024.0,NVIDIA RTX 3060,14.0,2.14,2022,3.7,4723.0,54,2526.0,342.41
Asus,Model_209,i3,16.0,2048.0,NVIDIA RTX 3070,17.3,2.14,2020,4.4,2192.0,72,2278.0,452.03
MSI,Model_210,Ryzen 9,8.0,2048.0,NVIDIA RTX 3060,16.0,1.19,2024,3.7,4685.0,45,2860.0,381.1
MSI,Model_211,M2,32.0,256.0,NVIDIA RTX 3050,15.6,1.5,2023,3.7,1180.0,33,945.0,300.0
Asus,Model_212,i9,4.0,512.0,NVIDIA RTX 3070,17.3,2.63,2018,4.6,499.0,64,2032.0,300.0
MSI,Model_213,i9,32.0,2048.0,NVIDIA RTX 3080,16.0,1.62,2023,3.4,2535.0,63,2616.0,488.78
Lenovo,Model_214,Ryzen 7,8.0,128.0,NVIDIA GTX 1650,13.3,1.93,2022,4.6,1192.0,84,2962.0,338.69
Asus,Model_215,i7,64.0,2048.0,NVIDIA RTX 3050,13.3,1.69,2019,3.5,4489.0,70,2479.0,421.26
Apple,Model_216,Ryzen 7,4.0,256.0,NVIDIA RTX 3080,14.0,1.12,2024,3.3,4268.0,62,2734.0,318.89
Asus,Model_217,Ryzen 9,4.0,256.0,NVIDIA RTX 3060,16.0,2.31,2018,3.6,2498.0,42,2326.0,300.0
Razer,Model_218,i7,16.0,512.0,NVIDIA RTX 3070,13.3,1.75,2021,4.4,1886.0,75,1016.0,394.82
MSI,Model_219,Ryzen 9,16.0,2048.0,NVIDIA GTX 1650,15.6,2.21,2024,2.8,2472.0,38,2717.0,622.73
Lenovo,Model_220,i7,64.0,128.0,NVIDIA RTX 3050,16.0,1.13,2020,3.0,1640.0,95,1603.0,300.0
Lenovo,Model_221,i5,4.0,128.0,NVIDIA RTX 3080,15.6,2.51,2023,4.9,297.0,74,2159.0,300.0
Acer,Model_222,i9,-8.0,1024.0,NVIDIA RTX 3080,15.6,1.13,2018,2.9,4292.0,79,2965.0,521.75
Apple,Model_223,M1,16.0,128.0,NVIDIA GTX 1650,13.3,2.55,2024,3.9,1917.0,78,625.0,300.0
HP,Model_224,M2,16.0,512.0,AMD Radeon RX 6600M,16.0,1.46,2023,3.9,1171.0,52,1069.0,300.0
HP,Model_225,Ryzen 9,4.0,512.0,NVIDIA RTX 3060,17.3,2.1,2018,3.7,139.0,38,2163.0,300.0
Asus,Model_226,i3,32.0,128.0,NVIDIA GTX 1650,13.3,1.48,2022,4.1,2373.0,47,1316.0,300.0
Acer,Model_227,i7,8.0,128.0,NVIDIA RTX 3080,13.3,0.93,2024,3.1,153.0,71,2573.0,403.53
Dell,Model_228,M2,16.0,1024.0,Integrated,16.0,1.28,2022,3.9,25.0,68,2521.0,316.98
Asus,Model_229,i3,16.0,128.0,NVIDIA RTX 3050,16.0,2.67,2024,3.4,254.0,56,1614.0,300.0
Acer,Model_230,M2,32.0,1024.0,NVIDIA GTX 1650,15.6,1.96,2022,4.2,936.0,45,2105.0,417.83
Apple,Model_231,M1,32.0,1024.0,AMD Radeon RX 6600M,16.0,2.33,2023,2.9,3188.0,59,2242.0,554.63
Apple,Model_232,i3,64.0,128.0,NVIDIA RTX 3080,15.6,1.1,2021,3.9,2186.0,99,2383.0,509.45
Apple,Model_233,Ryzen 7,64.0,256.0,NVIDIA RTX 3060,13.3,2.55,2024,3.0,896.0,57,455.0,300.0
Apple,Model_234,Ryzen 5,8.0,256.0,NVIDIA RTX 3080,14.0,1.05,2024,3.2,350.0,96,1119.0,300.0
Apple,Model_235,Ryzen 7,8.0,1024.0,NVIDIA RTX 3060,17.3,1.38,2022,3.0,2061.0,73,2479.0,300.0
Acer,Model_236,Ryzen 5,4.0,128.0,NVIDIA GTX 1650,13.3,2.42,2018,3.0,3408.0,41,973.0,300.0
Acer,Model_237,Ryzen 7,64.0,256.0,NVIDIA RTX 3060,16.0,2.44,2024,4.6,3960.0,35,1066.0,311.57
Lenovo,Model_238,Ryzen 5,16.0,128.0,NVIDIA RTX 3070,17.3,1.36,2022,3.2,315.0,47,683.0,300.0
Razer,Model_239,Ryzen 5,64.0,128.0,NVIDIA RTX 3070,14.0,1.21,2019,4.8,917.0,54,2144.0,448.98
HP,Model_240,i9,16.0,128.0,NVIDIA RTX 3070,14.0,1.78,2022,4.9,2664.0,79,2634.0,300.0
MSI,Model_241,i7,32.0,2048.0,AMD Radeon RX 6600M,15.6,1.15,2023,3.9,3802.0,64,897.0,300.0
Apple,Model_242,i7,64.0,128.0,AMD Radeon RX 6600M,17.3,1.2,2021,2.9,4052.0,65,1865.0,300.0
Dell,Model_243,i9,32.0,2048.0,Integrated,15.6,1.33,2019,3.4,1381.0,91,529.0,300.0
MSI,Model_244,M2,8.0,1024.0,AMD Radeon RX 6600M,13.3,2.32,2023,4.5,330.0,74,1038.0,342.14
Acer,Model_245,i5,8.0,256.0,NVIDIA GTX 1650,17.3,1.3,2023,3.4,4664.0,45,2561.0,331.72
Dell,Model_246,M2,4.0,256.0,NVIDIA RTX 3080,13.3,1.34,2023,2.7,4069.0,44,2460.0,300.0
Dell,Model_247,i3,64.0,256.0,NVIDIA RTX 3080,15.6,2.75,2018,3.9,1141.0,84,2891.0,337.83
Dell,Model_248,i3,32.0,256.0,Integrated,17.3,2.95,2023,4.6,2588.0,25,2894.0,500.87
Lenovo,Model_249,Ryzen 5,16.0,256.0,AMD Radeon RX 6600M,15.6,1.19,2018,4.5,4052.0,42,1385.0,300.0
Acer,Model_250,Ryzen 7,8.0,256.0,NVIDIA RTX 3060,17.3,3.2,2023,2.9,3377.0,83,1392.0,300.0
Dell,Model_251,Ryzen 7,8.0,256.0,Integrated,15.6,1.98,2020,4.2,827.0,62,2521.0,542.43
Apple,Model_252,i7,16.0,1024.0,NVIDIA RTX 3060,14.0,1.44,2019,3.1,21.0,42,2984.0,478.37
Asus,Model_253,Ryzen 9,32.0,128.0,NVIDIA RTX 3060,15.6,2.53,2020,3.0,204.0,49,500.0,300.0
Dell,Model_254,M2,32.0,512.0,NVIDIA RTX 3050,14.0,1.33,2023,4.7,2547.0,96,2623.0,421.13
Lenovo,Model_255,M1,64.0,2048.0,NVIDIA RTX 3080,15.6,1.92,2019,3.1,2852.0,37,826.0,300.0
MSI,Model_256,Ryzen 7,64.0,512.0,NVIDIA RTX 3070,17.3,1.68,2019,3.2,2239.0,98,440.0,300.0
Acer,Model_257,M1,4.0,512.0,AMD Radeon RX 6600M,17.3,3.04,2024,2.5,3019.0,40,828.0,300.0
Razer,Model_258,Ryzen 5,8.0,128.0,NVIDIA RTX 3060,17.3,2.9,2021,4.7,4761.0,76,743.0,300.0
Lenovo,Model_259,M1,64.0,128.0,NVIDIA RTX 3050,16.0,2.0,2020,4.5,2087.0,42,765.0,300.0
Dell,Model_260,i9,32.0,128.0,NVIDIA RTX 3080,13.3,1.06,2021,4.1,3877.0,64,1008.0,300.0
Acer,Model_261,M1,16.0,256.0,NVIDIA RTX 3070,17.3,1.73,2019,4.4,4883.0,63,1127.0,300.0
Asus,Model_262,i5,32.0,1024.0,NVIDIA RTX 3060,14.0,1.46,2018,2.9,453.0,66,2676.0,433.22
Dell,Model_263,Ryzen 5,8.0,256.0,NVIDIA RTX 3060,17.3,2.07,2019,3.6,307.0,59,1224.0,300.0
Lenovo,Model_264,M2,32.0,1024.0,Integrated,16.0,1.56,2021,3.4,4913.0,70,1775.0,341.04
HP,Model_265,i9,4.0,1024.0,Integrated,14.0,2.31,2020,2.7,854.0,61,1288.0,300.0
Apple,Model_266,Ryzen 7,8.0,512.0,NVIDIA RTX 3080,16.0,1.72,2023,3.7,1025.0,26,2443.0,300.0
Razer,Model_267,i3,16.0,512.0,NVIDIA RTX 3070,14.0,1.75,2024,4.8,1394.0,69,1741.0,300.0
MSI,Model_268,M2,4.0,1024.0,NVIDIA RTX 3060,15.6,1.91,2024,2.6,1407.0,67,1696.0,300.0
Lenovo,Model_269,i3,8.0,1024.0,NVIDIA RTX 3080,13.3,1.22,2024,3.2,563.0,25,516.0,300.0
Acer,Model_270,Ryzen 5,16.0,256.0,NVIDIA RTX 3080,13.3,1.68,2023,3.0,2360.0,28,2815.0,513.66
Razer,Model_271,i9,4.0,256.0,NVIDIA GTX 1650,16.0,1.39,2024,3.1,4526.0,76,1517.0,300.0
Razer,Model_272,i7,4.0,512.0,AMD Radeon RX 6600M,13.3,3.4,2020,4.8,1279.0,50,567.0,300.0
Razer,Model_273,Ryzen 7,8.0,128.0,Integrated,16.0,1.53,2023,3.7,1270.0,40,2138.0,300.0
Dell,Model_274,i5,64.0,1024.0,NVIDIA RTX 3070,16.0,1.34,2024,3.7,194.0,59,1764.0,300.0
Apple,Model_275,i7,4.0,256.0,NVIDIA RTX 3060,16.0,1.87,2023,4.4,4573.0,64,1094.0,300.0
Dell,Model_276,Ryzen 5,4.0,512.0,NVIDIA RTX 3080,13.3,1.19,2021,2.9,2420.0,96,1324.0,300.0
Acer,Model_277,M2,16.0,256.0,NVIDIA RTX 3060,16.0,1.5,2020,3.7,4441.0,68,551.0,300.0
Dell,Model_278,i5,32.0,1024.0,NVIDIA GTX 1650,13.3,2.37,2022,3.6,2219.0,39,985.0,370.06
HP,Model_279,M1,8.0,1024.0,NVIDIA RTX 3070,16.0,3.1,2018,4.0,3682.0,36,1312.0,359.28
Apple,Model_280,,,,,17.3,2.86,2024,,,47,,300.0
Apple,Model_281,Ryzen 5,64.0,128.0,NVIDIA RTX 3060,16.0,1.96,2018,4.4,1891.0,60,1977.0,319.61
Acer,Model_282,Ryzen 9,64.0,2048.0,Integrated,14.0,3.14,2023,3.5,4306.0,85,895.0,300.0
MSI,Model_283,M1,8.0,512.0,AMD Radeon RX 6600M,16.0,2.74,2018,4.6,531.0,44,2548.0,371.85
HP,Model_284,i3,64.0,256.0,NVIDIA GTX 1650,15.6,0.91,2020,2.9,1897.0,77,956.0,300.0
Lenovo,Model_285,Ryzen 7,16.0,512.0,NVIDIA RTX 3070,16.0,3.09,2020,2.6,2562.0,60,1505.0,300.0
Dell,Model_286,i3,8.0,1024.0,NVIDIA GTX 1650,14.0,2.1,2019,3.0,3819.0,25,1952.0,314.37
Asus,Model_287,i5,64.0,2048.0,Integrated,14.0,1.37,2024,3.4,4893.0,94,2520.0,415.54
Dell,Model_288,i3,8.0,2048.0,NVIDIA RTX 3070,13.3,1.24,2019,3.8,4165.0,57,556.0,300.0
Razer,Model_289,Ryzen 5,32.0,2048.0,NVIDIA GTX 1650,17.3,1.3,2018,4.0,4683.0,25,1134.0,300.0
Dell,Model_290,M2,4.0,512.0,NVIDIA RTX 3050,16.0,1.55,2022,4.8,4426.0,64,2579.0,300.0
Lenovo,Model_291,Ryzen 7,8.0,1024.0,Integrated,13.3,2.62,2019,3.8,3489.0,94,1827.0,300.0
Dell,Model_292,i3,4.0,256.0,Integrated,17.3,1.28,2019,3.8,1419.0,33,958.0,300.0
HP,Model_293,i3,64.0,256.0,Integrated,16.0,2.91,2020,2.6,1704.0,85,2554.0,418.98
HP,Model_294,i5,4.0,512.0,NVIDIA RTX 3050,15.6,1.71,2022,2.6,4674.0,59,2712.0,300.0
Apple,Model_295,M2,8.0,2048.0,NVIDIA RTX 3050,16.0,1.35,2023,3.9,536.0,22,554.0,300.0
Acer,Model_296,i7,32.0,128.0,NVIDIA RTX 3060,14.0,1.91,2018,3.6,2670.0,43,1396.0,300.0
MSI,Model_297,i3,64.0,512.0,NVIDIA RTX 3080,14.0,1.49,2019,4.6,2182.0,38,2694.0,414.73
Asus,Model_298,Ryzen 5,8.0,512.0,AMD Radeon RX 6600M,15.6,3.42,2022,2.9,4976.0,37,930.0,300.0
Razer,Model_299,Ryzen 9,64.0,1024.0,NVIDIA GTX 1650,13.3,1.75,2024,2.6,289.0,83,2371.0,445.16
Dell,Model_300,Ryzen 7,16.0,256.0,NVIDIA RTX 3060,17.3,1.73,2022,3.6,2974.0,54,2985.0,427.05
Dell,Model_301,i3,4.0,512.0,NVIDIA GTX 1650,16.0,0.97,2018,3.1,3987.0,81,1128.0,300.0
Lenovo,Model_302,Ryzen 5,16.0,512.0,AMD Radeon RX 6600M,14.0,1.25,2022,2.6,2679.0,20,1577.0,300.0
Acer,Model_303,Ryzen 5,8.0,2048.0,NVIDIA RTX 3080,13.3,1.76,2022,4.3,2903.0,44,553.0,313.78
HP,Model_304,Ryzen 7,32.0,2048.0,NVIDIA RTX 3050,15.6,1.17,2022,2.8,1761.0,64,491.0,300.0
Asus,Model_305,i7,64.0,128.0,NVIDIA RTX 3080,14.0,1.76,2024,4.0,3991.0,68,2785.0,405.02
Apple,Model_306,Ryzen 5,4.0,1024.0,NVIDIA RTX 3050,15.6,3.28,2019,3.2,4779.0,35,1903.0,300.0
HP,Model_307,Ryzen 9,64.0,128.0,AMD Radeon RX 6600M,16.0,0.98,2018,2.9,2371.0,38,2116.0,300.0
Razer,Model_308,Ryzen 5,8.0,2048.0,NVIDIA RTX 3080,17.3,2.63,2024,3.4,4437.0,42,2897.0,429.69
Acer,Model_309,Ryzen 5,64.0,256.0,NVIDIA RTX 3060,14.0,1.5,2022,4.5,4141.0,44,2416.0,534.88
Razer,Model_310,Ryzen 5,4.0,2048.0,NVIDIA RTX 3070,14.0,2.86,2022,3.5,1718.0,35,1186.0,300.0
MSI,Model_311,i7,8.0,1024.0,NVIDIA RTX 3060,16.0,2.16,2019,4.4,2696.0,73,672.0,300.0
Apple,Model_312,i3,64.0,2048.0,NVIDIA GTX 1650,13.3,0.71,2018,2.8,2905.0,92,2427.0,435.54
MSI,Model_313,Ryzen 5,32.0,1024.0,NVIDIA RTX 3060,17.3,1.48,2020,4.4,4545.0,20,576.0,300.0
Lenovo,Model_314,M2,8.0,1024.0,AMD Radeon RX 6600M,14.0,1.06,2024,3.1,2786.0,61,1042.0,339.92
Razer,Model_315,i3,8.0,1024.0,Integrated,17.3,1.65,2019,4.2,1129.0,38,2298.0,419.1
Lenovo,Model_316,,,,,14.0,1.5,2018,,,53,,300.0
Dell,Model_317,i9,16.0,1024.0,NVIDIA RTX 3080,17.3,1.81,2024,4.8,4269.0,99,1065.0,304.73
MSI,Model_318,i3,4.0,256.0,NVIDIA GTX 1650,15.6,1.22,2022,3.5,4253.0,74,1731.0,334.96
Acer,Model_319,i3,16.0,128.0,NVIDIA RTX 3070,14.0,2.64,2018,2.7,204.0,37,2198.0,300.0
Razer,Model_320,M1,64.0,512.0,NVIDIA RTX 3050,17.3,1.32,2018,2.5,672.0,53,1469.0,355.04
Asus,Model_321,i5,32.0,128.0,NVIDIA RTX 3080,13.3,1.62,2023,4.6,489.0,64,2749.0,300.0
Apple,Model_322,M1,16.0,1024.0,NVIDIA GTX 1650,15.6,2.9,2018,3.8,4228.0,25,807.0,300.0
HP,Model_323,Ryzen 9,8.0,256.0,NVIDIA RTX 3080,15.6,0.79,2020,4.4,1433.0,40,1612.0,321.63
Acer,Model_324,i5,64.0,2048.0,NVIDIA RTX 3080,13.3,1.42,2018,3.1,2718.0,89,2253.0,550.22
Acer,Model_325,Ryzen 7,64.0,256.0,NVIDIA RTX 3080,17.3,3.02,2020,3.4,3185.0,67,1552.0,389.28
Lenovo,Model_326,Ryzen 7,16.0,1024.0,NVIDIA RTX 3050,16.0,1.62,2022,2.6,3824.0,58,1541.0,300.0
MSI,Model_327,i7,16.0,256.0,AMD Radeon RX 6600M,13.3,1.23,2020,4.9,2024.0,50,2911.0,302.15
Razer,Model_328,i5,32.0,256.0,NVIDIA RTX 3060,17.3,1.76,2024,4.2,3799.0,29,543.0,300.0
Razer,Model_329,i3,4.0,1024.0,NVIDIA RTX 3080,13.3,2.68,2022,4.8,4815.0,49,2889.0,464.51
Dell,Model_330,Ryzen 7,16.0,256.0,Integrated,13.3,1.47,2022,3.2,2453.0,37,886.0,300.0
Dell,Model_331,Ryzen 5,16.0,512.0,AMD Radeon RX 6600M,14.0,2.3,2020,4.0,921.0,79,1259.0,300.0
Apple,Model_332,M2,8.0,512.0,NVIDIA RTX 3070,17.3,1.01,2019,4.2,3223.0,92,2335.0,406.44
Lenovo,Model_333,i3,64.0,256.0,NVIDIA RTX 3050,16.0,2.0,2021,3.3,2374.0,34,547.0,300.0
Acer,Model_334,Ryzen 9,4.0,2048.0,NVIDIA GTX 1650,14.0,2.25,2018,4.6,3639.0,23,1759.0,367.44
Razer,Model_335,Ryzen 5,8.0,1024.0,NVIDIA RTX 3050,13.3,1.57,2023,4.9,3482.0,82,1757.0,365.32
Asus,Model_336,Ryzen 5,32.0,512.0,NVIDIA GTX 1650,13.3,2.68,2021,4.7,690.0,59,489.0,300.0
Lenovo,Model_337,i5,32.0,2048.0,NVIDIA RTX 3050,13.3,1.22,2018,4.3,4661.0,28,1757.0,332.85
Apple,Model_338,i7,16.0,256.0,NVIDIA GTX 1650,17.3,0.58,2018,3.2,619.0,28,598.0,300.0
Apple,Model_339,Ryzen 9,16.0,2048.0,NVIDIA RTX 3080,17.3,1.14,2022,3.2,2166.0,45,937.0,300.0
Lenovo,Model_340,Ryzen 7,32.0,128.0,NVIDIA RTX 3060,14.0,2.59,2018,4.9,3876.0,23,700.0,300.0
Apple,Model_341,i5,16.0,512.0,NVIDIA GTX 1650,16.0,1.88,2023,2.5,381.0,35,1123.0,309.97
Lenovo,Model_342,Ryzen 7,4.0,256.0,NVIDIA GTX 1650,14.0,1.75,2018,4.3,625.0,34,1998.0,300.0
HP,Model_343,i5,16.0,1024.0,Integrated,15.6,1.29,2020,4.3,2263.0,71,1859.0,300.0
Lenovo,Model_344,i5,64.0,256.0,NVIDIA GTX 1650,13.3,1.24,2021,4.1,4952.0,88,467.0,300.0
MSI,Model_345,i5,16.0,1024.0,Integrated,13.3,3.24,2020,5.0,4148.0,24,2906.0,300.0
Lenovo,Model_346,i7,8.0,256.0,NVIDIA RTX 3070,13.3,1.64,2023,3.3,874.0,39,1937.0,300.0
Apple,Model_347,i5,4.0,2048.0,NVIDIA RTX 3080,14.0,3.06,2018,3.3,1278.0,98,797.0,300.0
Razer,Model_348,i9,8.0,2048.0,Integrated,14.0,1.2,2024,2.7,794.0,37,1019.0,300.0
MSI,Model_349,M2,8.0,2048.0,NVIDIA RTX 3060,13.3,1.98,2023,3.6,4581.0,21,1984.0,476.85
Apple,Model_350,Ryzen 7,64.0,128.0,AMD Radeon RX 6600M,14.0,2.07,2022,3.2,4188.0,32,1563.0,300.0
Dell,Model_351,i3,4.0,1024.0,NVIDIA RTX 3080,17.3,2.4,2020,3.4,2247.0,23,1129.0,300.0
Dell,Model_352,M1,4.0,2048.0,Integrated,17.3,0.96,2020,4.6,4064.0,61,955.0,319.36
Razer,Model_353,Ryzen 9,4.0,128.0,NVIDIA RTX 3080,14.0,3.01,2019,4.8,4905.0,93,2352.0,300.0
Razer,Model_354,i7,4.0,1024.0,NVIDIA RTX 3080,13.3,2.78,2018,3.0,945.0,80,2151.0,428.15
MSI,Model_355,i3,4.0,256.0,NVIDIA RTX 3080,14.0,0.88,2022,3.4,3990.0,27,2729.0,313.13
HP,Model_356,,,,,14.0,3.14,2024,,,86,,416.3
Razer,Model_357,i9,16.0,512.0,NVIDIA RTX 3060,14.0,0.87,2020,2.7,335.0,82,2359.0,300.0
Dell,Model_358,M1,8.0,128.0,NVIDIA RTX 3050,15.6,2.63,2020,2.7,1544.0,28,2001.0,300.0
Lenovo,Model_359,i3,4.0,128.0,NVIDIA RTX 3050,17.3,1.89,2022,2.9,3490.0,30,1880.0,300.0
Apple,Model_360,i3,16.0,1024.0,Integrated,16.0,1.65,2023,4.0,3871.0,61,2534.0,551.32
Dell,Model_361,,,,,16.0,2.36,2023,,,32,,50.0
Dell,Model_362,M1,8.0,512.0,Integrated,15.6,1.74,2018,4.9,4942.0,55,2751.0,352.75
HP,Model_363,Ryzen 5,64.0,2048.0,NVIDIA RTX 3070,14.0,1.1,2019,3.6,4613.0,32,1803.0,456.92
MSI,Model_364,i5,32.0,2048.0,NVIDIA RTX 3070,15.6,1.71,2020,3.8,2788.0,31,2577.0,529.02
MSI,Model_365,Ryzen 7,32.0,128.0,NVIDIA GTX 1650,15.6,1.59,2019,3.1,1280.0,56,1699.0,473.48
Acer,Model_366,Ryzen 5,16.0,1024.0,NVIDIA RTX 3070,13.3,2.16,2023,3.7,650.0,93,2122.0,391.45
HP,Model_367,i5,8.0,1024.0,NVIDIA GTX 1650,17.3,2.95,2023,4.2,4713.0,92,1298.0,300.0
Lenovo,Model_368,i7,32.0,2048.0,NVIDIA RTX 3060,16.0,0.98,2021,4.4,4088.0,71,1606.0,358.17
MSI,Model_369,M2,16.0,512.0,Integrated,14.0,2.28,2024,4.4,4671.0,90,1935.0,362.35
Apple,Model_370,Ryzen 9,64.0,256.0,AMD Radeon RX 6600M,16.0,2.85,2018,3.9,1377.0,21,477.0,300.0
Razer,Model_371,,,,,16.0,1.5,2021,,,75,,373.61
HP,Model_372,Ryzen 7,16.0,256.0,NVIDIA RTX 3070,17.3,2.52,2024,4.5,2585.0,79,637.0,300.0
Razer,Model_373,M1,16.0,2048.0,NVIDIA RTX 3060,16.0,1.64,2021,4.4,3613.0,42,1557.0,312.54
Dell,Model_374,,,,,16.0,1.63,2021,,,59,,5.0
Apple,Model_375,M1,64.0,1024.0,NVIDIA RTX 3060,15.6,1.4,2018,2.5,1996.0,83,1615.0,384.61
Apple,Model_376,i9,4.0,128.0,NVIDIA RTX 3070,17.3,1.58,2018,3.0,2250.0,42,677.0,300.0
Dell,Model_377,,,,,13.3,1.78,2022,,,48,,300.0
HP,Model_378,M2,4.0,2048.0,NVIDIA RTX 3080,14.0,1.93,2019,3.5,2115.0,97,579.0,341.54
Dell,Model_379,i7,4.0,1024.0,NVIDIA RTX 3060,16.0,1.5,2019,3.5,138.0,70,522.0,300.0
Razer,Model_380,i7,32.0,512.0,NVIDIA GTX 1650,14.0,3.21,2022,4.7,4811.0,88,1669.0,300.0
Acer,Model_381,i5,16.0,1024.0,NVIDIA RTX 3070,13.3,0.9,2022,4.7,4006.0,50,2157.0,300.0
Apple,Model_382,i7,64.0,128.0,NVIDIA RTX 3060,14.0,2.92,2023,4.8,861.0,69,1494.0,300.0
Asus,Model_383,i7,4.0,128.0,AMD Radeon RX 6600M,13.3,3.05,2024,3.3,4113.0,39,879.0,300.0
Asus,Model_384,Ryzen 5,64.0,1024.0,NVIDIA RTX 3080,15.6,1.9,2021,4.2,2086.0,74,2197.0,563.52
Razer,Model_385,Ryzen 5,4.0,1024.0,NVIDIA RTX 3070,16.0,1.92,2022,3.2,3004.0,21,2531.0,300.0
Lenovo,Model_386,i5,8.0,128.0,NVIDIA RTX 3050,13.3,1.62,2020,3.0,3754.0,44,2804.0,327.49
MSI,Model_387,Ryzen 7,4.0,512.0,NVIDIA RTX 3080,14.0,1.06,2019,3.0,2766.0,32,1215.0,300.0
Dell,Model_388,,,,,16.0,2.61,2022,,,89,,301.89
Dell,Model_389,Ryzen 7,16.0,2048.0,NVIDIA RTX 3060,15.6,1.98,2020,3.6,4381.0,86,2970.0,317.43
Lenovo,Model_390,i3,8.0,1024.0,AMD Radeon RX 6600M,16.0,1.74,2020,4.6,3154.0,77,542.0,300.0
Lenovo,Model_391,Ryzen 5,4.0,2048.0,NVIDIA RTX 3050,13.3,1.46,2020,2.8,252.0,94,591.0,300.0
Razer,Model_392,M2,64.0,128.0,AMD Radeon RX 6600M,15.6,3.05,2023,4.3,4095.0,83,1810.0,300.0
Razer,Model_393,i5,8.0,128.0,NVIDIA RTX 3050,14.0,1.4,2023,3.8,180.0,88,777.0,412.04
Lenovo,Model_394,,,,,15.6,1.93,2020,,,78,,300.0
Apple,Model_395,M2,4.0,1024.0,NVIDIA RTX 3050,15.6,2.08,2024,3.7,3522.0,79,2116.0,452.82
Razer,Model_396,M2,8.0,1024.0,NVIDIA GTX 1650,17.3,3.17,2023,3.2,1509.0,81,1432.0,300.0
Acer,Model_397,M2,64.0,512.0,NVIDIA GTX 1650,15.6,1.68,2021,4.0,2109.0,35,1810.0,300.0
Razer,Model_398,Ryzen 7,8.0,2048.0,Integrated,15.6,1.89,2020,3.6,2168.0,87,2540.0,306.22
Dell,Model_399,M1,64.0,1024.0,NVIDIA GTX 1650,16.0,0.88,2021,2.9,1982.0,34,2389.0,390.73
Razer,Model_400,i3,4.0,256.0,NVIDIA RTX 3080,14.0,1.19,2021,2.8,3935.0,74,2976.0,300.0
Apple,Model_401,i9,16.0,256.0,NVIDIA RTX 3050,16.0,3.16,2020,3.9,2268.0,54,1577.0,300.0
Lenovo,Model_402,i3,8.0,128.0,NVIDIA GTX 1650,16.0,1.89,2019,4.8,4049.0,74,804.0,300.0
Dell,Model_403,M1,16.0,2048.0,NVIDIA RTX 3070,13.3,1.83,2024,3.4,2045.0,33,1572.0,332.91
Razer,Model_404,i3,64.0,1024.0,AMD Radeon RX 6600M,16.0,2.0,2020,4.3,3281.0,68,1288.0,463.19
Apple,Model_405,i7,8.0,256.0,AMD Radeon RX 6600M,17.3,1.43,2020,4.1,867.0,26,821.0,300.0
Acer,Model_406,,,,,17.3,1.58,2023,,,49,,393.91
Razer,Model_407,M1,16.0,128.0,AMD Radeon RX 6600M,13.3,1.22,2020,4.6,1059.0,68,871.0,300.0
Apple,Model_408,,,,,14.0,1.94,2019,,,35,,300.0
Acer,Model_409,Ryzen 9,16.0,2048.0,Integrated,14.0,1.67,2023,4.1,308.0,70,1030.0,300.0
Lenovo,Model_410,M1,8.0,2048.0,NVIDIA RTX 3050,16.0,1.44,2018,4.7,933.0,91,1437.0,300.0
Razer,Model_411,i5,4.0,512.0,NVIDIA RTX 3070,16.0,2.99,2018,3.5,4242.0,99,2229.0,330.0
Acer,Model_412,M1,16.0,2048.0,Integrated,16.0,2.7,2021,3.3,4316.0,61,763.0,300.0
Dell,Model_413,i7,32.0,128.0,NVIDIA RTX 3060,14.0,1.43,2024,2.5,2809.0,36,2566.0,300.0
Lenovo,Model_414,Ryzen 9,32.0,128.0,NVIDIA RTX 3080,15.6,2.68,2021,4.6,4885.0,82,945.0,300.0
Dell,Model_415,i7,64.0,512.0,NVIDIA RTX 3080,17.3,1.62,2019,4.5,4072.0,64,2969.0,534.35
Asus,Model_416,Ryzen 9,8.0,1024.0,NVIDIA RTX 3050,15.6,1.2,2022,2.8,4055.0,96,1033.0,364.85
HP,Model_417,i5,16.0,256.0,AMD Radeon RX 6600M,15.6,1.11,2024,3.9,1812.0,26,2336.0,385.79
Razer,Model_418,Ryzen 7,64.0,1024.0,NVIDIA RTX 3060,14.0,2.5,2018,3.7,2723.0,46,2080.0,381.18
Acer,Model_419,i7,16.0,2048.0,Integrated,15.6,1.87,2021,2.8,4516.0,29,1362.0,300.0
HP,Model_420,i7,8.0,256.0,NVIDIA RTX 3060,13.3,1.44,2018,5.0,2863.0,53,1282.0,300.0
HP,Model_421,M2,512.0,512.0,NVIDIA RTX 3060,16.0,1.88,2019,3.0,2667.0,55,1270.0,300.0
Acer,Model_422,Ryzen 9,4.0,512.0,AMD Radeon RX 6600M,13.3,1.9,2019,2.7,4532.0,44,915.0,300.0
Lenovo,Model_423,Ryzen 5,32.0,256.0,Integrated,17.3,2.39,2022,4.0,3356.0,25,1820.0,300.0
Razer,Model_424,Ryzen 9,64.0,128.0,NVIDIA RTX 3070,16.0,0.67,2022,4.3,1481.0,43,1265.0,359.79
Asus,Model_425,M2,4.0,256.0,AMD Radeon RX 6600M,15.6,3.22,2023,2.6,2959.0,37,2553.0,300.0
Dell,Model_426,i3,64.0,2048.0,NVIDIA RTX 3060,17.3,1.7,2024,4.1,951.0,25,1508.0,509.95
Apple,Model_427,Ryzen 9,8.0,128.0,NVIDIA RTX 3060,16.0,0.93,2019,3.8,1917.0,48,613.0,300.0
Dell,Model_428,Ryzen 7,4.0,512.0,NVIDIA RTX 3070,15.6,2.14,2021,2.8,4847.0,44,2644.0,300.0
Apple,Model_429,M2,64.0,256.0,NVIDIA RTX 3060,13.3,1.22,2018,2.9,1253.0,74,418.0,436.38
Dell,Model_430,i3,8.0,1024.0,NVIDIA RTX 3060,16.0,2.21,2020,3.9,4433.0,65,1041.0,300.0
Acer,Model_431,i9,32.0,1024.0,NVIDIA RTX 3060,15.6,2.62,2022,3.2,1476.0,43,1504.0,300.0
Asus,Model_432,M2,8.0,2048.0,NVIDIA RTX 3080,13.3,1.64,2020,4.8,3967.0,94,729.0,317.93
Razer,Model_433,i9,16.0,1024.0,AMD Radeon RX 6600M,17.3,1.23,2021,4.5,1976.0,45,1265.0,300.0
Apple,Model_434,i7,8.0,256.0,NVIDIA GTX 1650,17.3,1.74,2022,5.0,385.0,47,1173.0,300.0
Razer,Model_435,M2,8.0,256.0,AMD Radeon RX 6600M,17.3,2.05,2020,3.1,272.0,22,791.0,300.0
Razer,Model_436,i5,16.0,1024.0,NVIDIA RTX 3070,17.3,1.73,2024,4.9,4372.0,94,1036.0,465.75
Razer,Model_437,i9,64.0,256.0,NVIDIA RTX 3060,14.0,1.33,2021,3.6,3398.0,57,2754.0,391.02
MSI,Model_438,Ryzen 7,64.0,2048.0,AMD Radeon RX 6600M,16.0,1.14,2018,3.4,3405.0,80,1425.0,483.75
Lenovo,Model_439,i5,8.0,128.0,NVIDIA RTX 3080,16.0,2.58,2024,2.6,1954.0,97,2967.0,300.0
Dell,Model_440,M1,16.0,2048.0,NVIDIA RTX 3070,14.0,2.29,2021,2.6,1903.0,70,2074.0,446.57
Razer,Model_441,M1,16.0,2048.0,NVIDIA RTX 3050,15.6,1.23,2023,4.2,3644.0,67,1139.0,300.0
Dell,Model_442,i3,32.0,256.0,AMD Radeon RX 6600M,15.6,1.2,2022,3.6,1662.0,40,1945.0,300.0
Razer,Model_443,i7,64.0,128.0,NVIDIA RTX 3050,17.3,1.52,2019,3.1,4151.0,73,868.0,300.0
Apple,Model_444,M2,4.0,256.0,NVIDIA RTX 3060,13.3,1.37,2018,4.0,3902.0,75,2659.0,505.57
Lenovo,Model_445,Ryzen 5,64.0,512.0,NVIDIA RTX 3080,15.6,1.61,2024,3.1,609.0,78,1535.0,391.14
Lenovo,Model_446,Ryzen 7,64.0,256.0,NVIDIA RTX 3080,13.3,2.39,2024,3.9,4825.0,91,1431.0,300.0
Acer,Model_447,i9,32.0,256.0,AMD Radeon RX 6600M,16.0,1.16,2020,3.4,1922.0,70,2924.0,300.0
MSI,Model_448,i5,4.0,256.0,NVIDIA RTX 3070,13.3,1.78,2022,4.6,1302.0,39,1273.0,300.0
Acer,Model_449,M1,32.0,128.0,NVIDIA RTX 3070,16.0,3.25,2019,4.6,610.0,78,859.0,300.0
Acer,Model_450,,,,,14.0,1.97,2021,,,90,,300.0
Acer,Model_451,Ryzen 5,8.0,128.0,NVIDIA RTX 3070,14.0,2.39,2019,3.4,4223.0,28,1949.0,354.87
Acer,Model_452,M2,4.0,1024.0,NVIDIA RTX 3080,17.3,1.33,2022,3.4,3647.0,20,1151.0,300.0
Acer,Model_453,i3,32.0,512.0,AMD Radeon RX 6600M,15.6,2.1,2022,4.5,2173.0,48,1861.0,458.1
Asus,Model_454,Ryzen 5,64.0,128.0,NVIDIA GTX 1650,17.3,1.52,2023,3.3,4365.0,82,2177.0,300.0
Lenovo,Model_455,Ryzen 7,4.0,1024.0,NVIDIA RTX 3080,16.0,2.29,2023,3.0,1108.0,91,1253.0,300.0
Acer,Model_456,Ryzen 5,4.0,128.0,NVIDIA RTX 3050,17.3,1.93,2019,2.7,375.0,75,2683.0,300.0
Razer,Model_457,Ryzen 7,16.0,128.0,NVIDIA RTX 3070,13.3,1.03,2021,3.7,2580.0,87,1729.0,300.0
Lenovo,Model_458,Ryzen 7,64.0,512.0,NVIDIA RTX 3080,16.0,1.72,2019,3.7,3429.0,54,877.0,300.0
Lenovo,Model_459,Ryzen 9,8.0,2048.0,NVIDIA RTX 3080,14.0,2.05,2022,4.6,2486.0,22,2663.0,371.36
HP,Model_460,i9,32.0,2048.0,AMD Radeon RX 6600M,15.6,1.31,2022,3.1,800.0,26,534.0,300.0
Asus,Model_461,M1,8.0,128.0,NVIDIA RTX 3070,16.0,2.81,2020,3.5,3579.0,46,1552.0,300.0
Acer,Model_462,Ryzen 9,64.0,256.0,NVIDIA GTX 1650,16.0,2.57,2023,4.5,756.0,20,809.0,305.18
Dell,Model_463,M2,4.0,1024.0,AMD Radeon RX 6600M,13.3,1.79,2020,4.6,322.0,99,1845.0,300.0
Apple,Model_464,Ryzen 9,4.0,256.0,NVIDIA GTX 1650,15.6,1.31,2018,3.5,4643.0,90,1717.0,300.0
MSI,Model_465,i7,64.0,256.0,AMD Radeon RX 6600M,14.0,1.65,2022,3.6,930.0,63,1669.0,401.53
Razer,Model_466,i7,4.0,128.0,NVIDIA RTX 3070,16.0,1.05,2020,3.3,1087.0,60,1979.0,360.93
Dell,Model_467,M1,4.0,128.0,Integrated,16.0,0.92,2019,4.8,2839.0,94,485.0,300.0
Asus,Model_468,Ryzen 5,4.0,128.0,NVIDIA RTX 3070,13.3,2.18,2023,2.8,2391.0,61,2265.0,393.39
Apple,Model_469,i9,32.0,128.0,NVIDIA RTX 3070,17.3,2.21,2023,4.8,3628.0,52,1869.0,351.19
Asus,Model_470,M1,32.0,2048.0,NVIDIA GTX 1650,14.0,1.13,2021,4.2,807.0,69,777.0,300.0
Razer,Model_471,Ryzen 7,16.0,128.0,NVIDIA GTX 1650,15.6,2.81,2019,3.8,4453.0,82,2080.0,373.15
Lenovo,Model_472,i5,8.0,2048.0,NVIDIA RTX 3070,16.0,2.2,2021,2.6,282.0,56,1474.0,315.83
Apple,Model_473,i9,64.0,2048.0,NVIDIA RTX 3070,16.0,1.67,2020,3.7,3020.0,78,641.0,300.0
Lenovo,Model_474,i9,64.0,128.0,NVIDIA RTX 3070,14.0,1.08,2024,3.5,4825.0,67,1319.0,300.0
Razer,Model_475,Ryzen 7,64.0,512.0,NVIDIA GTX 1650,17.3,1.71,2018,2.9,1783.0,24,1986.0,362.94
Dell,Model_476,Ryzen 7,16.0,1024.0,NVIDIA RTX 3070,16.0,2.32,2019,4.1,2557.0,67,2713.0,393.98
Razer,Model_477,i3,32.0,256.0,NVIDIA RTX 3070,14.0,1.6,2019,4.9,3174.0,22,1671.0,357.81
Dell,Model_478,M1,16.0,2048.0,NVIDIA RTX 3060,13.3,2.04,2019,3.9,4790.0,66,469.0,347.05
Apple,Model_479,Ryzen 7,64.0,1024.0,Integrated,17.3,2.01,2021,4.3,4727.0,81,2504.0,412.13
Apple,Model_480,i7,8.0,512.0,NVIDIA RTX 3050,15.6,0.96,2020,2.7,956.0,33,1805.0,300.0
Acer,Model_481,M2,4.0,256.0,Integrated,16.0,1.14,2019,3.5,2675.0,82,2486.0,300.0
Asus,Model_482,i5,32.0,256.0,NVIDIA RTX 3060,14.0,1.89,2024,2.8,516.0,80,2407.0,300.0
Acer,Model_483,M1,32.0,2048.0,NVIDIA RTX 3050,13.3,1.25,2019,4.0,253.0,50,1200.0,300.0
Asus,Model_484,i7,16.0,128.0,AMD Radeon RX 6600M,15.6,2.33,2023,4.8,515.0,36,1441.0,300.0
Acer,Model_485,Ryzen 5,32.0,512.0,NVIDIA RTX 3070,14.0,2.77,2018,4.2,4527.0,43,1224.0,414.68
Lenovo,Model_486,Ryzen 7,64.0,2048.0,NVIDIA RTX 3060,14.0,1.74,2023,2.7,3168.0,42,1155.0,350.25
Apple,Model_487,Ryzen 7,64.0,512.0,AMD Radeon RX 6600M,15.6,1.67,2023,3.4,3600.0,69,2799.0,407.75
Dell,Model_488,i9,16.0,128.0,NVIDIA RTX 3070,13.3,3.16,2018,3.9,1882.0,97,2395.0,396.08
Asus,Model_489,i7,64.0,128.0,NVIDIA GTX 1650,13.3,1.27,2024,3.5,3803.0,98,2239.0,407.34
Razer,Model_490,,,,,17.3,1.66,2020,,,98,,321.55
Asus,Model_491,,,,,16.0,1.61,2023,,,89,,300.0
Dell,Model_492,i9,8.0,1024.0,NVIDIA GTX 1650,15.6,1.08,2020,4.0,4755.0,46,2009.0,300.0
Acer,Model_493,i3,4.0,256.0,NVIDIA RTX 3060,15.6,1.82,2023,3.4,1474.0,34,509.0,300.0
Asus,Model_494,i3,8.0,2048.0,NVIDIA RTX 3060,15.6,1.7,2022,3.1,400.0,69,1416.0,300.0
MSI,Model_495,,,,,13.3,1.35,2018,,,55,,404.99
Lenovo,Model_496,Ryzen 5,4.0,1024.0,NVIDIA RTX 3050,16.0,1.21,2023,3.4,3387.0,27,2991.0,502.13
Apple,Model_497,i9,8.0,2048.0,Integrated,17.3,2.07,2022,3.5,4847.0,98,2169.0,306.46
Dell,Model_498,i7,16.0,128.0,NVIDIA RTX 3070,14.0,2.58,2021,4.2,4925.0,22,424.0,300.0
Apple,Model_499,i3,64.0,128.0,NVIDIA RTX 3060,14.0,2.73,2022,4.1,682.0,81,1242.0,310.71
