Brand,Model,Processor,RAM_GB,Storage_GB,GPU,Screen_Size,Weight_kg,Launch_Year,Customer_Rating,Review_Count,Demand_Index,Competitor_Price,Price,Price_per_GB,Performance_Index,Discount_Factor,Launch_Category
MSI,Model_0,Ryzen 5,8,2048,Integrated,17,1,2019,4,4568,20,1372,300,0.146484375,640,1072,Old
Apple,Model_1,Ryzen 9,8,128,Integrated,14,1,2023,3,3917,72,1784,300,2.34375,1728,1484,New
Asus,Model_2,i3,64,128,NVIDIA RTX 3050,17,2,2018,4,817,79,1383,300,2.34375,20224,1083,Old
MSI,Model_3,i7,8,512,NVIDIA RTX 3060,14,3,2022,3,196,53,1911,315,0.615234375,1272,1596,Mid
Lenovo,Model_4,i5,32,1024,NVIDIA RTX 3080,17,2,2021,4,4837,23,751,317,0.3095703125,2944,434,Mid
Razer,Model_5,M2,8,256,NVIDIA GTX 1650,13,0,2018,4,4534,36,2124,334,1.3046875,1152,1790,Old
Asus,Model_7,i7,8,2048,NVIDIA RTX 3050,13,1,2022,4,2294,62,1679,423,0.20654296875,1984,1256,Mid
MSI,Model_8,M1,32,512,NVIDIA RTX 3080,13,1,2021,3,4876,23,2307,300,0.5859375,2208,2007,Mid
HP,Model_9,i3,27,801,NVIDIA RTX 3060,13,3,2024,3,2583,20,1683,300,0.37453183520599254,1620,1383,New
Lenovo,Model_10,i5,64,512,NVIDIA GTX 1650,13,2,2018,4,4241,90,1424,465,0.908203125,23040,959,Old
MSI,Model_11,Ryzen 7,4,256,NVIDIA GTX 1650,14,3,2018,3,4897,69,945,300,1.171875,828,645,Old
Lenovo,Model_12,Ryzen 9,4,256,NVIDIA RTX 3080,16,1,2021,3,3864,92,1869,301,1.17578125,1104,1568,Mid
Lenovo,Model_13,i5,4,128,Integrated,17,1,2020,2,4276,80,478,300,2.34375,640,178,Old
Razer,Model_14,i5,16,512,NVIDIA RTX 3050,13,1,2018,3,2216,54,1659,358,0.69921875,2592,1301,Old
Asus,Model_15,i3,16,512,NVIDIA RTX 3070,14,0,2019,2,3568,27,2781,365,0.712890625,864,2416,Old
Apple,Model_16,M1,4,2048,NVIDIA GTX 1650,14,3,2021,4,1590,43,1288,302,0.1474609375,688,986,Mid
Razer,Model_18,M2,32,128,NVIDIA RTX 3080,16,3,2022,3,3857,69,2949,300,2.34375,6624,2649,Mid
Lenovo,Model_19,Ryzen 7,32,128,NVIDIA RTX 3060,17,3,2023,2,3585,62,2390,406,3.171875,3968,1984,New
Acer,Model_20,Ryzen 9,8,1024,NVIDIA RTX 3070,16,2,2019,4,885,46,1900,307,0.2998046875,1472,1593,Old
Asus,Model_21,Ryzen 9,64,2048,NVIDIA RTX 3070,15,1,2023,3,2428,51,1320,429,0.20947265625,9792,891,New
HP,Model_22,i7,16,256,NVIDIA GTX 1650,14,1,2023,4,4208,97,949,397,1.55078125,6208,552,New
Razer,Model_23,i5,4,512,Integrated,15,1,2018,4,1011,37,2461,300,0.5859375,592,2161,Old
Apple,Model_24,M2,8,128,NVIDIA RTX 3060,13,2,2019,3,3394,47,791,300,2.34375,1128,491,Old
Acer,Model_25,M1,32,512,NVIDIA RTX 3070,13,2,2019,4,4076,48,2757,354,0.69140625,6144,2403,Old
Acer,Model_26,Ryzen 9,16,512,NVIDIA GTX 1650,16,1,2020,5,2855,35,2833,373,0.728515625,2800,2460,Old
HP,Model_27,M2,16,1024,NVIDIA RTX 3070,17,2,2023,4,1491,66,1780,300,0.29296875,4224,1480,New
Razer,Model_28,i9,4,2048,AMD Radeon RX 6600M,15,2,2019,4,3311,78,1373,302,0.1474609375,1248,1071,Old
Apple,Model_29,i9,32,128,NVIDIA RTX 3060,17,1,2020,3,667,50,739,342,2.671875,4800,397,Old
Asus,Model_30,i3,27,801,NVIDIA RTX 3060,16,0,2021,3,2583,23,1683,415,0.5181023720349563,1863,1268,Mid
Dell,Model_31,M1,16,128,AMD Radeon RX 6600M,13,3,2020,2,432,56,1445,323,2.5234375,1792,1122,Old
Acer,Model_34,i5,32,256,NVIDIA RTX 3080,13,1,2018,3,2720,67,1338,337,1.31640625,6432,1001,Old
Asus,Model_35,i5,16,128,NVIDIA RTX 3080,15,2,2021,4,462,65,1247,300,2.34375,4160,947,Mid
Apple,Model_36,Ryzen 9,64,128,NVIDIA GTX 1650,13,2,2024,4,2407,67,841,300,2.34375,17152,541,New
Dell,Model_38,i7,64,512,NVIDIA RTX 3050,15,1,2021,5,1667,23,529,300,0.5859375,7360,229,Mid
Lenovo,Model_39,M2,16,512,NVIDIA RTX 3050,15,1,2022,3,2551,49,996,300,0.5859375,2352,696,Mid
Lenovo,Model_40,Ryzen 7,16,256,NVIDIA RTX 3070,13,2,2020,2,3085,49,2358,300,1.171875,1568,2058,Old
MSI,Model_41,Ryzen 7,8,1024,NVIDIA RTX 3070,17,1,2018,3,3174,41,1905,317,0.3095703125,984,1588,Old
HP,Model_42,i3,32,512,AMD Radeon RX 6600M,16,1,2020,2,2976,94,1261,300,0.5859375,6016,961,Old
Razer,Model_43,i9,4,2048,NVIDIA RTX 3050,17,3,2019,2,2063,85,1398,300,0.146484375,680,1098,Old
Apple,Model_44,Ryzen 7,64,256,AMD Radeon RX 6600M,14,1,2020,3,297,31,2772,428,1.671875,5952,2344,Old
Apple,Model_45,Ryzen 7,8,256,AMD Radeon RX 6600M,16,1,2021,4,3227,55,2895,346,1.3515625,1760,2549,Mid
Razer,Model_46,Ryzen 5,4,2048,NVIDIA RTX 3070,15,1,2018,3,3864,37,1951,363,0.17724609375,444,1588,Old
MSI,Model_47,i3,8,1024,NVIDIA RTX 3060,16,2,2020,3,1457,72,2040,384,0.375,1728,1656,Old
Acer,Model_48,M1,16,2048,AMD Radeon RX 6600M,15,2,2018,4,617,90,1911,416,0.203125,5760,1495,Old
Acer,Model_49,Ryzen 5,64,1024,Integrated,15,2,2018,3,4562,20,2136,327,0.3193359375,3840,1809,Old
MSI,Model_50,Ryzen 5,4,2048,NVIDIA RTX 3060,16,1,2019,2,1774,77,1849,468,0.228515625,616,1381,Old
Acer,Model_51,Ryzen 9,4,2048,NVIDIA RTX 3050,15,1,2019,4,1235,25,2257,467,0.22802734375,400,1790,Old
Lenovo,Model_52,i9,4,128,NVIDIA RTX 3050,15,2,2021,4,1245,89,664,300,2.34375,1424,364,Mid
Apple,Model_53,Ryzen 7,4,256,AMD Radeon RX 6600M,14,1,2022,4,1039,63,1862,343,1.33984375,1008,1519,Mid
MSI,Model_54,i9,4,2048,NVIDIA RTX 3060,17,1,2024,2,2681,91,556,327,0.15966796875,728,229,New
Apple,Model_55,i7,8,2048,NVIDIA RTX 3070,17,2,2018,4,3972,43,1845,300,0.146484375,1376,1545,Old
Dell,Model_57,M1,16,256,NVIDIA RTX 3080,16,2,2024,3,4940,37,2032,300,1.171875,1776,1732,New
Lenovo,Model_58,i9,16,512,NVIDIA RTX 3050,13,1,2024,4,3187,49,2977,349,0.681640625,3136,2628,New
Asus,Model_59,i5,16,256,NVIDIA GTX 1650,13,1,2021,4,3732,61,2774,362,1.4140625,3904,2412,Mid
Lenovo,Model_60,i7,16,512,NVIDIA RTX 3080,13,0,2024,4,4916,52,1294,300,0.5859375,3328,994,New
Asus,Model_62,M1,32,2048,NVIDIA RTX 3060,14,2,2018,5,2906,31,912,379,0.18505859375,4960,533,Old
Dell,Model_63,i7,64,128,NVIDIA RTX 3070,15,1,2018,4,818,46,615,300,2.34375,11776,315,Old
MSI,Model_64,Ryzen 9,4,512,NVIDIA RTX 3060,13,2,2023,3,988,58,2572,434,0.84765625,696,2138,New
HP,Model_65,Ryzen 5,32,1024,NVIDIA RTX 3080,16,3,2022,4,2473,28,2106,300,0.29296875,3584,1806,Mid
Apple,Model_66,Ryzen 5,16,128,NVIDIA RTX 3050,16,2,2020,3,735,40,2506,351,2.7421875,1920,2155,Old
Dell,Model_67,Ryzen 9,32,512,NVIDIA RTX 3070,13,1,2019,3,2511,95,1967,300,0.5859375,9120,1667,Old
Apple,Model_68,i3,27,801,NVIDIA RTX 3060,13,1,2020,3,2583,48,1683,470,0.5867665418227216,3888,1213,Old
Acer,Model_69,Ryzen 5,4,128,NVIDIA RTX 3060,13,2,2022,4,1226,52,2731,406,3.171875,832,2325,Mid
HP,Model_71,i3,64,512,NVIDIA GTX 1650,14,1,2020,3,2207,34,1528,335,0.654296875,6528,1193,Old
Dell,Model_72,i5,64,2048,NVIDIA RTX 3060,14,1,2023,3,2816,21,627,300,0.146484375,4032,327,New
Asus,Model_74,M2,4,2048,NVIDIA GTX 1650,16,1,2018,5,982,63,1887,400,0.1953125,1260,1487,Old
HP,Model_75,M1,32,256,NVIDIA GTX 1650,16,2,2020,5,2820,73,1201,308,1.203125,11680,893,Old
Apple,Model_76,i3,27,801,NVIDIA RTX 3060,15,1,2019,3,2583,37,1683,387,0.48314606741573035,2997,1296,Old
Apple,Model_77,i3,8,512,NVIDIA RTX 3070,14,1,2023,4,608,22,2305,300,0.5859375,704,2005,New
MSI,Model_78,Ryzen 9,64,1024,NVIDIA RTX 3060,17,2,2024,4,3351,26,871,300,0.29296875,6656,571,New
Apple,Model_79,Ryzen 5,16,2048,NVIDIA GTX 1650,17,2,2019,4,234,62,1479,300,0.146484375,3968,1179,Old
MSI,Model_80,Ryzen 7,8,512,Integrated,16,2,2019,2,850,57,2460,439,0.857421875,912,2021,Old
Apple,Model_81,Ryzen 9,4,2048,NVIDIA RTX 3080,14,1,2023,3,1824,56,1441,300,0.146484375,672,1141,New
Razer,Model_83,i7,32,128,AMD Radeon RX 6600M,14,1,2020,4,1116,52,628,300,2.34375,6656,328,Old
MSI,Model_84,i3,27,801,NVIDIA RTX 3060,13,2,2021,3,2583,78,1683,300,0.37453183520599254,6318,1383,Mid
Lenovo,Model_85,Ryzen 7,32,256,NVIDIA RTX 3060,14,1,2020,4,3256,30,694,300,1.171875,3840,394,Old
Acer,Model_86,M2,64,256,NVIDIA GTX 1650,13,1,2024,2,2941,87,588,300,1.171875,11136,288,New
Dell,Model_87,Ryzen 5,64,512,AMD Radeon RX 6600M,13,1,2022,3,4135,87,825,378,0.73828125,16704,447,Mid
Apple,Model_88,i3,64,2048,NVIDIA RTX 3070,15,3,2023,4,2981,41,1376,300,0.146484375,10496,1076,New
HP,Model_89,i9,32,256,AMD Radeon RX 6600M,16,1,2020,4,2027,85,1502,300,1.171875,10880,1202,Old
Razer,Model_90,Ryzen 5,32,1024,AMD Radeon RX 6600M,14,2,2019,4,2425,63,1318,300,0.29296875,8064,1018,Old
Apple,Model_91,Ryzen 5,64,256,AMD Radeon RX 6600M,13,2,2023,3,4600,25,898,300,1.171875,4800,598,New
HP,Model_92,Ryzen 9,8,2048,Integrated,14,1,2018,2,3106,61,2221,300,0.146484375,976,1921,Old
Acer,Model_93,i9,16,2048,NVIDIA GTX 1650,16,1,2024,4,1619,44,1265,373,0.18212890625,2816,892,New
Acer,Model_94,i3,16,1024,NVIDIA RTX 3070,16,1,2020,4,727,76,1225,431,0.4208984375,4864,794,Old
Acer,Model_95,Ryzen 5,16,256,NVIDIA GTX 1650,17,1,2023,2,3571,74,2258,356,1.390625,2368,1902,New
HP,Model_96,Ryzen 9,32,2048,NVIDIA RTX 3060,16,2,2020,4,1026,35,2518,449,0.21923828125,4480,2069,Old
Apple,Model_97,Ryzen 7,32,512,NVIDIA RTX 3060,15,0,2023,3,3575,33,2695,300,0.5859375,3168,2395,New
Acer,Model_98,Ryzen 5,8,128,NVIDIA RTX 3060,13,1,2019,4,4711,58,545,300,2.34375,1856,245,Old
Asus,Model_99,i9,16,128,NVIDIA RTX 3080,17,1,2018,4,4480,47,2041,300,2.34375,3008,1741,Old
MSI,Model_100,i5,16,128,AMD Radeon RX 6600M,15,1,2018,2,1970,70,1719,300,2.34375,2240,1419,Old
HP,Model_101,i9,64,256,NVIDIA RTX 3080,14,2,2022,2,1058,68,869,334,1.3046875,8704,535,Mid
HP,Model_102,i7,32,1024,Integrated,13,1,2023,4,1367,28,592,300,0.29296875,3584,292,New
Acer,Model_106,i9,16,256,AMD Radeon RX 6600M,17,1,2018,4,1811,51,2810,300,1.171875,3264,2510,Old
Apple,Model_107,M1,32,128,NVIDIA RTX 3050,17,2,2021,4,2156,88,2220,300,2.34375,11264,1920,Mid
Acer,Model_108,Ryzen 9,8,256,NVIDIA RTX 3070,17,2,2021,3,1630,88,2921,440,1.71875,2112,2481,Mid
MSI,Model_109,i5,64,1024,AMD Radeon RX 6600M,16,1,2018,3,4790,61,2269,449,0.4384765625,11712,1820,Old
Razer,Model_110,i3,8,1024,NVIDIA RTX 3080,15,1,2023,3,2960,72,2968,300,0.29296875,1728,2668,New
MSI,Model_111,i9,4,2048,NVIDIA RTX 3080,15,1,2022,2,3802,78,2186,429,0.20947265625,624,1757,Mid
Razer,Model_112,M1,4,2048,NVIDIA RTX 3070,13,1,2018,3,2951,93,1854,327,0.15966796875,1116,1527,Old
Acer,Model_113,i5,32,1024,NVIDIA RTX 3080,16,1,2019,3,4915,58,2267,300,0.29296875,5568,1967,Old
MSI,Model_114,i7,16,1024,NVIDIA RTX 3060,17,1,2020,4,987,34,2979,362,0.353515625,2176,2617,Old
Apple,Model_115,i3,32,1024,Integrated,17,1,2022,4,3076,90,2407,306,0.298828125,11520,2101,Mid
Dell,Model_116,i3,32,256,NVIDIA GTX 1650,14,2,2019,4,793,48,1834,300,1.171875,6144,1534,Old
Acer,Model_117,i7,32,1024,Integrated,14,2,2022,3,250,22,1239,300,0.29296875,2112,939,Mid
Razer,Model_118,Ryzen 5,32,512,AMD Radeon RX 6600M,17,2,2019,2,1563,29,640,300,0.5859375,1856,340,Old
Asus,Model_119,i7,64,128,NVIDIA GTX 1650,17,0,2020,2,4588,48,935,300,2.34375,6144,635,Old
Razer,Model_120,i3,64,1024,NVIDIA GTX 1650,16,2,2020,3,1022,98,1807,389,0.3798828125,18816,1418,Old
Asus,Model_121,i3,8,128,Integrated,15,2,2021,2,196,54,482,300,2.34375,864,182,Mid
HP,Model_122,M1,4,256,NVIDIA RTX 3070,14,2,2023,4,1891,25,1381,300,1.171875,400,1081,New
MSI,Model_123,i5,32,128,NVIDIA GTX 1650,15,2,2019,4,4596,31,1350,300,2.34375,3968,1050,Old
Asus,Model_124,i3,27,801,NVIDIA RTX 3060,16,2,2021,3,2583,57,1683,300,0.37453183520599254,4617,1383,Mid
Razer,Model_125,i5,4,512,NVIDIA GTX 1650,17,1,2019,4,248,96,973,300,0.5859375,1536,673,Old
HP,Model_126,i7,16,256,NVIDIA RTX 3050,15,2,2021,3,2355,38,2733,300,1.171875,1824,2433,Mid
Dell,Model_127,Ryzen 9,64,256,NVIDIA RTX 3070,17,1,2020,4,85,86,1388,371,1.44921875,22016,1017,Old
Apple,Model_128,i3,4,2048,NVIDIA RTX 3060,17,1,2022,4,1366,27,858,300,0.146484375,432,558,Mid
Apple,Model_129,M1,16,1024,NVIDIA GTX 1650,13,1,2024,3,4932,27,2573,331,0.3232421875,1296,2242,New
Apple,Model_130,i5,4,1024,NVIDIA RTX 3050,15,2,2021,4,2340,66,1922,311,0.3037109375,1056,1611,Mid
Asus,Model_131,i7,64,512,NVIDIA RTX 3060,15,1,2019,3,4696,23,2872,444,0.8671875,4416,2428,Old
Dell,Model_132,M2,64,512,NVIDIA RTX 3060,17,1,2019,4,1912,70,2384,343,0.669921875,17920,2041,Old
Asus,Model_133,Ryzen 9,8,1024,AMD Radeon RX 6600M,16,2,2024,5,4023,86,1966,300,0.29296875,3440,1666,New
MSI,Model_134,i9,32,2048,NVIDIA GTX 1650,13,1,2023,2,4680,64,2559,323,0.15771484375,4096,2236,New
Asus,Model_135,Ryzen 5,4,1024,Integrated,17,1,2020,4,4997,27,2849,447,0.4365234375,432,2402,Old
Dell,Model_136,i5,4,2048,NVIDIA GTX 1650,14,1,2019,4,2069,35,521,300,0.146484375,560,221,Old
Dell,Model_137,M1,16,512,NVIDIA RTX 3050,14,2,2018,4,150,96,672,300,0.5859375,6144,372,Old
MSI,Model_138,i9,64,128,NVIDIA RTX 3060,13,1,2022,3,1799,86,1717,300,2.34375,16512,1417,Mid
Dell,Model_139,M2,4,512,NVIDIA GTX 1650,16,1,2021,4,3636,28,797,362,0.70703125,448,435,Mid
Razer,Model_140,Ryzen 5,64,512,Integrated,17,1,2023,2,26,79,2918,410,0.80078125,10112,2508,New
Dell,Model_141,M2,4,256,AMD Radeon RX 6600M,15,1,2024,3,4358,97,1384,300,1.171875,1164,1084,New
Apple,Model_142,i9,8,256,NVIDIA GTX 1650,13,2,2022,2,474,96,1630,300,1.171875,1536,1330,Mid
Razer,Model_143,Ryzen 5,32,256,NVIDIA RTX 3070,16,1,2020,4,4481,90,1533,300,1.171875,11520,1233,Old
Razer,Model_144,M2,4,256,AMD Radeon RX 6600M,15,2,2023,4,1837,34,1701,300,1.171875,544,1401,New
Lenovo,Model_146,i7,8,1024,NVIDIA RTX 3050,14,1,2021,4,529,60,1905,301,0.2939453125,1920,1604,Mid
Lenovo,Model_147,i3,4,128,NVIDIA RTX 3060,15,1,2024,2,99,41,2316,300,2.34375,328,2016,New
Dell,Model_148,i7,16,512,NVIDIA GTX 1650,13,1,2018,3,4825,43,1219,300,0.5859375,2064,919,Old
Razer,Model_149,i9,32,2048,Integrated,14,1,2024,2,2861,63,2356,450,0.2197265625,4032,1906,New
Lenovo,Model_150,i5,4,128,AMD Radeon RX 6600M,17,1,2020,3,2853,20,2768,351,2.7421875,240,2417,Old
Lenovo,Model_151,i3,8,2048,NVIDIA RTX 3070,15,2,2023,3,4735,29,578,300,0.146484375,696,278,New
Dell,Model_152,Ryzen 9,16,2048,Integrated,15,3,2023,3,1894,99,1296,309,0.15087890625,4752,987,New
Lenovo,Model_153,M1,8,512,NVIDIA RTX 3080,14,3,2019,3,4181,91,2666,328,0.640625,2184,2338,Old
Asus,Model_154,Ryzen 9,8,1024,NVIDIA RTX 3070,13,1,2018,2,935,75,2372,300,0.29296875,1200,2072,Old
MSI,Model_156,i3,8,1024,NVIDIA RTX 3050,13,1,2023,2,979,31,891,300,0.29296875,496,591,New
HP,Model_157,Ryzen 9,16,512,NVIDIA RTX 3060,16,2,2023,4,1104,79,460,300,0.5859375,5056,160,New
Dell,Model_158,Ryzen 9,4,512,AMD Radeon RX 6600M,16,2,2022,4,3205,45,1477,300,0.5859375,720,1177,Mid
Apple,Model_159,M2,16,512,NVIDIA RTX 3050,14,2,2022,4,1414,97,2103,351,0.685546875,6208,1752,Mid
MSI,Model_160,i7,16,128,NVIDIA GTX 1650,14,1,2022,3,3374,60,2985,368,2.875,2880,2617,Mid
Dell,Model_161,M2,32,1024,Integrated,14,1,2018,3,4300,55,464,361,0.3525390625,5280,103,Old
Razer,Model_162,i3,16,1024,NVIDIA RTX 3080,16,1,2019,4,3992,42,985,300,0.29296875,2688,685,Old
Apple,Model_163,i3,16,2048,NVIDIA RTX 3070,13,1,2021,3,4333,62,2127,336,0.1640625,2976,1791,Mid
HP,Model_164,i9,4,2048,NVIDIA RTX 3070,13,1,2022,3,4023,25,2618,371,0.18115234375,300,2247,Mid
Dell,Model_165,M2,32,2048,Integrated,14,2,2019,3,4566,88,934,300,0.146484375,8448,634,Old
Razer,Model_166,Ryzen 7,64,512,NVIDIA RTX 3080,17,1,2024,2,4723,62,2555,394,0.76953125,7936,2161,New
MSI,Model_167,i7,4,1024,Integrated,13,1,2020,3,3102,44,2270,300,0.29296875,528,1970,Old
MSI,Model_168,i3,4,512,NVIDIA GTX 1650,16,2,2022,3,4169,37,1404,300,0.5859375,444,1104,Mid
Acer,Model_169,i9,64,128,NVIDIA RTX 3050,15,2,2024,4,2084,81,2899,300,2.34375,20736,2599,New
Razer,Model_170,M2,16,2048,AMD Radeon RX 6600M,15,1,2021,2,294,32,1629,396,0.193359375,1024,1233,Mid
Asus,Model_171,i7,8,512,NVIDIA RTX 3070,15,2,2020,3,4943,62,1439,300,0.5859375,1488,1139,Old
Lenovo,Model_172,M2,32,512,NVIDIA GTX 1650,17,1,2020,4,4936,97,726,333,0.650390625,12416,393,Old
Apple,Model_173,Ryzen 9,8,128,NVIDIA RTX 3050,14,1,2021,2,1197,47,1007,300,2.34375,752,707,Mid
Razer,Model_174,i9,64,256,NVIDIA GTX 1650,16,3,2022,3,3979,37,401,300,1.171875,7104,101,Mid
Acer,Model_175,i7,4,1024,NVIDIA RTX 3080,17,2,2018,4,2975,78,1433,328,0.3203125,1248,1105,Old
Lenovo,Model_176,Ryzen 5,4,256,NVIDIA RTX 3070,16,1,2021,2,4329,79,2881,332,1.296875,632,2549,Mid
Lenovo,Model_177,Ryzen 5,32,2048,AMD Radeon RX 6600M,16,1,2021,2,793,82,524,300,0.146484375,5248,224,Mid
Dell,Model_178,i7,4,512,Integrated,14,1,2021,3,959,76,1504,300,0.5859375,912,1204,Mid
Lenovo,Model_179,M2,4,128,Integrated,15,2,2020,3,3949,70,2932,312,2.4375,840,2620,Old
Asus,Model_180,i9,32,128,NVIDIA RTX 3050,14,1,2019,3,54,75,2261,347,2.7109375,7200,1914,Old
MSI,Model_181,Ryzen 5,32,1024,AMD Radeon RX 6600M,17,1,2024,4,1820,46,1573,446,0.435546875,5888,1127,New
Acer,Model_182,i9,64,256,NVIDIA RTX 3060,17,1,2018,2,4576,51,528,300,1.171875,6528,228,Old
Lenovo,Model_183,Ryzen 5,4,1024,NVIDIA RTX 3080,17,2,2022,4,2091,28,837,300,0.29296875,448,537,Mid
Dell,Model_184,Ryzen 9,4,512,NVIDIA RTX 3050,14,1,2022,3,3508,87,1150,327,0.638671875,1044,823,Mid
HP,Model_186,Ryzen 9,16,128,NVIDIA GTX 1650,16,1,2019,4,1919,86,1621,300,2.34375,5504,1321,Old
MSI,Model_187,Ryzen 5,16,128,NVIDIA RTX 3080,13,1,2021,3,2591,45,2658,300,2.34375,2160,2358,Mid
MSI,Model_188,Ryzen 9,16,2048,NVIDIA GTX 1650,17,2,2018,3,701,27,1301,300,0.146484375,1296,1001,Old
MSI,Model_190,i7,4,512,NVIDIA RTX 3070,13,0,2024,3,941,99,1702,300,0.5859375,1188,1402,New
Lenovo,Model_191,Ryzen 9,64,256,NVIDIA RTX 3080,16,2,2023,3,4946,43,2982,447,1.74609375,8256,2535,New
Dell,Model_192,i5,64,1024,NVIDIA RTX 3060,17,2,2024,4,3416,67,1833,300,0.29296875,17152,1533,New
MSI,Model_193,M2,16,512,NVIDIA RTX 3070,15,2,2022,2,157,64,2908,419,0.818359375,2048,2489,Mid
MSI,Model_194,i3,27,801,NVIDIA RTX 3060,17,2,2021,3,2583,32,1683,300,0.37453183520599254,2592,1383,Mid
HP,Model_195,Ryzen 7,4,1024,NVIDIA RTX 3060,14,1,2023,3,1321,88,1467,300,0.29296875,1056,1167,New
HP,Model_196,Ryzen 9,16,2048,NVIDIA RTX 3050,16,1,2019,4,397,44,426,300,0.146484375,2816,126,Old
Apple,Model_197,M1,8,1024,Integrated,16,0,2018,3,3131,39,947,300,0.29296875,936,647,Old
Asus,Model_198,M2,8,256,Integrated,14,1,2019,4,1883,85,966,300,1.171875,2720,666,Old
Lenovo,Model_199,i5,32,512,NVIDIA RTX 3050,14,1,2019,4,3598,93,1103,300,0.5859375,11904,803,Old
MSI,Model_200,i5,4,1024,NVIDIA RTX 3080,15,2,2024,4,925,64,1642,300,0.29296875,1024,1342,New
Razer,Model_201,Ryzen 5,8,128,Integrated,16,1,2018,3,1888,66,584,300,2.34375,1584,284,Old
MSI,Model_202,Ryzen 5,16,128,AMD Radeon RX 6600M,16,1,2018,3,3758,82,1990,325,2.5390625,3936,1665,Old
Dell,Model_203,Ryzen 7,32,1024,NVIDIA RTX 3060,15,1,2022,4,287,95,2313,413,0.4033203125,12160,1900,Mid
Apple,Model_204,i7,4,1024,NVIDIA RTX 3070,13,1,2022,5,1987,96,1247,334,0.326171875,1920,913,Mid
Asus,Model_205,M1,64,1024,Integrated,15,1,2018,4,1869,74,998,300,0.29296875,18944,698,Old
Razer,Model_206,i3,16,128,NVIDIA RTX 3060,17,0,2023,3,3046,94,1205,300,2.34375,4512,905,New
Apple,Model_207,Ryzen 7,8,128,NVIDIA GTX 1650,16,1,2020,3,3381,38,1757,300,2.34375,912,1457,Old
Acer,Model_208,i9,8,1024,NVIDIA RTX 3060,14,2,2022,3,4723,54,2526,342,0.333984375,1296,2184,Mid
Asus,Model_209,i3,16,2048,NVIDIA RTX 3070,17,2,2020,4,2192,72,2278,452,0.220703125,4608,1826,Old
MSI,Model_210,Ryzen 9,8,2048,NVIDIA RTX 3060,16,1,2024,3,4685,45,2860,381,0.18603515625,1080,2479,New
MSI,Model_211,M2,32,256,NVIDIA RTX 3050,15,1,2023,3,1180,33,945,300,1.171875,3168,645,New
Asus,Model_212,i9,4,512,NVIDIA RTX 3070,17,2,2018,4,499,64,2032,300,0.5859375,1024,1732,Old
Lenovo,Model_214,Ryzen 7,8,128,NVIDIA GTX 1650,13,1,2022,4,1192,84,2962,338,2.640625,2688,2624,Mid
Asus,Model_215,i7,64,2048,NVIDIA RTX 3050,13,1,2019,3,4489,70,2479,421,0.20556640625,13440,2058,Old
Apple,Model_216,Ryzen 7,4,256,NVIDIA RTX 3080,14,1,2024,3,4268,62,2734,318,1.2421875,744,2416,New
Asus,Model_217,Ryzen 9,4,256,NVIDIA RTX 3060,16,2,2018,3,2498,42,2326,300,1.171875,504,2026,Old
Razer,Model_218,i7,16,512,NVIDIA RTX 3070,13,1,2021,4,1886,75,1016,394,0.76953125,4800,622,Mid
Lenovo,Model_220,i7,64,128,NVIDIA RTX 3050,16,1,2020,3,1640,95,1603,300,2.34375,18240,1303,Old
Lenovo,Model_221,i5,4,128,NVIDIA RTX 3080,15,2,2023,4,297,74,2159,300,2.34375,1184,1859,New
Apple,Model_223,M1,16,128,NVIDIA GTX 1650,13,2,2024,3,1917,78,625,300,2.34375,3744,325,New
HP,Model_224,M2,16,512,AMD Radeon RX 6600M,16,1,2023,3,1171,52,1069,300,0.5859375,2496,769,New
HP,Model_225,Ryzen 9,4,512,NVIDIA RTX 3060,17,2,2018,3,139,38,2163,300,0.5859375,456,1863,Old
Asus,Model_226,i3,32,128,NVIDIA GTX 1650,13,1,2022,4,2373,47,1316,300,2.34375,6016,1016,Mid
Acer,Model_227,i7,8,128,NVIDIA RTX 3080,13,0,2024,3,153,71,2573,403,3.1484375,1704,2170,New
Dell,Model_228,M2,16,1024,Integrated,16,1,2022,3,25,68,2521,316,0.30859375,3264,2205,Mid
Asus,Model_229,i3,16,128,NVIDIA RTX 3050,16,2,2024,3,254,56,1614,300,2.34375,2688,1314,New
Acer,Model_230,M2,32,1024,NVIDIA GTX 1650,15,1,2022,4,936,45,2105,417,0.4072265625,5760,1688,Mid
Apple,Model_233,Ryzen 7,64,256,NVIDIA RTX 3060,13,2,2024,3,896,57,455,300,1.171875,10944,155,New
Apple,Model_234,Ryzen 5,8,256,NVIDIA RTX 3080,14,1,2024,3,350,96,1119,300,1.171875,2304,819,New
Apple,Model_235,Ryzen 7,8,1024,NVIDIA RTX 3060,17,1,2022,3,2061,73,2479,300,0.29296875,1752,2179,Mid
Acer,Model_236,Ryzen 5,4,128,NVIDIA GTX 1650,13,2,2018,3,3408,41,973,300,2.34375,492,673,Old
Acer,Model_237,Ryzen 7,64,256,NVIDIA RTX 3060,16,2,2024,4,3960,35,1066,311,1.21484375,8960,755,New
Lenovo,Model_238,Ryzen 5,16,128,NVIDIA RTX 3070,17,1,2022,3,315,47,683,300,2.34375,2256,383,Mid
Razer,Model_239,Ryzen 5,64,128,NVIDIA RTX 3070,14,1,2019,4,917,54,2144,448,3.5,13824,1696,Old
HP,Model_240,i9,16,128,NVIDIA RTX 3070,14,1,2022,4,2664,79,2634,300,2.34375,5056,2334,Mid
MSI,Model_241,i7,32,2048,AMD Radeon RX 6600M,15,1,2023,3,3802,64,897,300,0.146484375,6144,597,New
Apple,Model_242,i7,64,128,AMD Radeon RX 6600M,17,1,2021,2,4052,65,1865,300,2.34375,8320,1565,Mid
Dell,Model_243,i9,32,2048,Integrated,15,1,2019,3,1381,91,529,300,0.146484375,8736,229,Old
MSI,Model_244,M2,8,1024,AMD Radeon RX 6600M,13,2,2023,4,330,74,1038,342,0.333984375,2368,696,New
Acer,Model_245,i5,8,256,NVIDIA GTX 1650,17,1,2023,3,4664,45,2561,331,1.29296875,1080,2230,New
Dell,Model_246,M2,4,256,NVIDIA RTX 3080,13,1,2023,2,4069,44,2460,300,1.171875,352,2160,New
Dell,Model_247,i3,64,256,NVIDIA RTX 3080,15,2,2018,3,1141,84,2891,337,1.31640625,16128,2554,Old
Lenovo,Model_249,Ryzen 5,16,256,AMD Radeon RX 6600M,15,1,2018,4,4052,42,1385,300,1.171875,2688,1085,Old
Acer,Model_250,Ryzen 7,8,256,NVIDIA RTX 3060,17,3,2023,2,3377,83,1392,300,1.171875,1328,1092,New
Asus,Model_253,Ryzen 9,32,128,NVIDIA RTX 3060,15,2,2020,3,204,49,500,300,2.34375,4704,200,Old
Dell,Model_254,M2,32,512,NVIDIA RTX 3050,14,1,2023,4,2547,96,2623,421,0.822265625,12288,2202,New
Lenovo,Model_255,M1,64,2048,NVIDIA RTX 3080,15,1,2019,3,2852,37,826,300,0.146484375,7104,526,Old
MSI,Model_256,Ryzen 7,64,512,NVIDIA RTX 3070,17,1,2019,3,2239,98,440,300,0.5859375,18816,140,Old
Acer,Model_257,M1,4,512,AMD Radeon RX 6600M,17,3,2024,2,3019,40,828,300,0.5859375,320,528,New
Razer,Model_258,Ryzen 5,8,128,NVIDIA RTX 3060,17,2,2021,4,4761,76,743,300,2.34375,2432,443,Mid
Lenovo,Model_259,M1,64,128,NVIDIA RTX 3050,16,2,2020,4,2087,42,765,300,2.34375,10752,465,Old
Dell,Model_260,i9,32,128,NVIDIA RTX 3080,13,1,2021,4,3877,64,1008,300,2.34375,8192,708,Mid
Acer,Model_261,M1,16,256,NVIDIA RTX 3070,17,1,2019,4,4883,63,1127,300,1.171875,4032,827,Old
Asus,Model_262,i5,32,1024,NVIDIA RTX 3060,14,1,2018,2,453,66,2676,433,0.4228515625,4224,2243,Old
Dell,Model_263,Ryzen 5,8,256,NVIDIA RTX 3060,17,2,2019,3,307,59,1224,300,1.171875,1416,924,Old
Lenovo,Model_264,M2,32,1024,Integrated,16,1,2021,3,4913,70,1775,341,0.3330078125,6720,1434,Mid
HP,Model_265,i9,4,1024,Integrated,14,2,2020,2,854,61,1288,300,0.29296875,488,988,Old
Apple,Model_266,Ryzen 7,8,512,NVIDIA RTX 3080,16,1,2023,3,1025,26,2443,300,0.5859375,624,2143,New
Razer,Model_267,i3,16,512,NVIDIA RTX 3070,14,1,2024,4,1394,69,1741,300,0.5859375,4416,1441,New
MSI,Model_268,M2,4,1024,NVIDIA RTX 3060,15,1,2024,2,1407,67,1696,300,0.29296875,536,1396,New
Lenovo,Model_269,i3,8,1024,NVIDIA RTX 3080,13,1,2024,3,563,25,516,300,0.29296875,600,216,New
Razer,Model_271,i9,4,256,NVIDIA GTX 1650,16,1,2024,3,4526,76,1517,300,1.171875,912,1217,New
Razer,Model_272,i7,4,512,AMD Radeon RX 6600M,13,3,2020,4,1279,50,567,300,0.5859375,800,267,Old
Razer,Model_273,Ryzen 7,8,128,Integrated,16,1,2023,3,1270,40,2138,300,2.34375,960,1838,New
Dell,Model_274,i5,64,1024,NVIDIA RTX 3070,16,1,2024,3,194,59,1764,300,0.29296875,11328,1464,New
Apple,Model_275,i7,4,256,NVIDIA RTX 3060,16,1,2023,4,4573,64,1094,300,1.171875,1024,794,New
Dell,Model_276,Ryzen 5,4,512,NVIDIA RTX 3080,13,1,2021,2,2420,96,1324,300,0.5859375,768,1024,Mid
Acer,Model_277,M2,16,256,NVIDIA RTX 3060,16,1,2020,3,4441,68,551,300,1.171875,3264,251,Old
Dell,Model_278,i5,32,1024,NVIDIA GTX 1650,13,2,2022,3,2219,39,985,370,0.361328125,3744,615,Mid
HP,Model_279,M1,8,1024,NVIDIA RTX 3070,16,3,2018,4,3682,36,1312,359,0.3505859375,1152,953,Old
Apple,Model_280,i3,27,801,NVIDIA RTX 3060,17,2,2024,3,2583,47,1683,300,0.37453183520599254,3807,1383,New
Apple,Model_281,Ryzen 5,64,128,NVIDIA RTX 3060,16,1,2018,4,1891,60,1977,319,2.4921875,15360,1658,Old
Acer,Model_282,Ryzen 9,64,2048,Integrated,14,3,2023,3,4306,85,895,300,0.146484375,16320,595,New
MSI,Model_283,M1,8,512,AMD Radeon RX 6600M,16,2,2018,4,531,44,2548,371,0.724609375,1408,2177,Old
HP,Model_284,i3,64,256,NVIDIA GTX 1650,15,0,2020,2,1897,77,956,300,1.171875,9856,656,Old
Lenovo,Model_285,Ryzen 7,16,512,NVIDIA RTX 3070,16,3,2020,2,2562,60,1505,300,0.5859375,1920,1205,Old
Dell,Model_286,i3,8,1024,NVIDIA GTX 1650,14,2,2019,3,3819,25,1952,314,0.306640625,600,1638,Old
Asus,Model_287,i5,64,2048,Integrated,14,1,2024,3,4893,94,2520,415,0.20263671875,18048,2105,New
Dell,Model_288,i3,8,2048,NVIDIA RTX 3070,13,1,2019,3,4165,57,556,300,0.146484375,1368,256,Old
Razer,Model_289,Ryzen 5,32,2048,NVIDIA GTX 1650,17,1,2018,4,4683,25,1134,300,0.146484375,3200,834,Old
Dell,Model_290,M2,4,512,NVIDIA RTX 3050,16,1,2022,4,4426,64,2579,300,0.5859375,1024,2279,Mid
Lenovo,Model_291,Ryzen 7,8,1024,Integrated,13,2,2019,3,3489,94,1827,300,0.29296875,2256,1527,Old
Dell,Model_292,i3,4,256,Integrated,17,1,2019,3,1419,33,958,300,1.171875,396,658,Old
HP,Model_293,i3,64,256,Integrated,16,2,2020,2,1704,85,2554,418,1.6328125,10880,2136,Old
HP,Model_294,i5,4,512,NVIDIA RTX 3050,15,1,2022,2,4674,59,2712,300,0.5859375,472,2412,Mid
Apple,Model_295,M2,8,2048,NVIDIA RTX 3050,16,1,2023,3,536,22,554,300,0.146484375,528,254,New
Acer,Model_296,i7,32,128,NVIDIA RTX 3060,14,1,2018,3,2670,43,1396,300,2.34375,4128,1096,Old
MSI,Model_297,i3,64,512,NVIDIA RTX 3080,14,1,2019,4,2182,38,2694,414,0.80859375,9728,2280,Old
Asus,Model_298,Ryzen 5,8,512,AMD Radeon RX 6600M,15,3,2022,2,4976,37,930,300,0.5859375,592,630,Mid
Razer,Model_299,Ryzen 9,64,1024,NVIDIA GTX 1650,13,1,2024,2,289,83,2371,445,0.4345703125,10624,1926,New
Dell,Model_300,Ryzen 7,16,256,NVIDIA RTX 3060,17,1,2022,3,2974,54,2985,427,1.66796875,2592,2558,Mid
Dell,Model_301,i3,4,512,NVIDIA GTX 1650,16,0,2018,3,3987,81,1128,300,0.5859375,972,828,Old
Lenovo,Model_302,Ryzen 5,16,512,AMD Radeon RX 6600M,14,1,2022,2,2679,20,1577,300,0.5859375,640,1277,Mid
Acer,Model_303,Ryzen 5,8,2048,NVIDIA RTX 3080,13,1,2022,4,2903,44,553,313,0.15283203125,1408,240,Mid
HP,Model_304,Ryzen 7,32,2048,NVIDIA RTX 3050,15,1,2022,2,1761,64,491,300,0.146484375,4096,191,Mid
Asus,Model_305,i7,64,128,NVIDIA RTX 3080,14,1,2024,4,3991,68,2785,405,3.1640625,17408,2380,New
Apple,Model_306,Ryzen 5,4,1024,NVIDIA RTX 3050,15,3,2019,3,4779,35,1903,300,0.29296875,420,1603,Old
HP,Model_307,Ryzen 9,64,128,AMD Radeon RX 6600M,16,0,2018,2,2371,38,2116,300,2.34375,4864,1816,Old
Razer,Model_308,Ryzen 5,8,2048,NVIDIA RTX 3080,17,2,2024,3,4437,42,2897,429,0.20947265625,1008,2468,New
Razer,Model_310,Ryzen 5,4,2048,NVIDIA RTX 3070,14,2,2022,3,1718,35,1186,300,0.146484375,420,886,Mid
MSI,Model_311,i7,8,1024,NVIDIA RTX 3060,16,2,2019,4,2696,73,672,300,0.29296875,2336,372,Old
Apple,Model_312,i3,64,2048,NVIDIA GTX 1650,13,0,2018,2,2905,92,2427,435,0.21240234375,11776,1992,Old
MSI,Model_313,Ryzen 5,32,1024,NVIDIA RTX 3060,17,1,2020,4,4545,20,576,300,0.29296875,2560,276,Old
Lenovo,Model_314,M2,8,1024,AMD Radeon RX 6600M,14,1,2024,3,2786,61,1042,339,0.3310546875,1464,703,New
Razer,Model_315,i3,8,1024,Integrated,17,1,2019,4,1129,38,2298,419,0.4091796875,1216,1879,Old
Lenovo,Model_316,i3,27,801,NVIDIA RTX 3060,14,1,2018,3,2583,53,1683,300,0.37453183520599254,4293,1383,Old
Dell,Model_317,i9,16,1024,NVIDIA RTX 3080,17,1,2024,4,4269,99,1065,304,0.296875,6336,761,New
MSI,Model_318,i3,4,256,NVIDIA GTX 1650,15,1,2022,3,4253,74,1731,334,1.3046875,888,1397,Mid
Acer,Model_319,i3,16,128,NVIDIA RTX 3070,14,2,2018,2,204,37,2198,300,2.34375,1184,1898,Old
Razer,Model_320,M1,64,512,NVIDIA RTX 3050,17,1,2018,2,672,53,1469,355,0.693359375,6784,1114,Old
Asus,Model_321,i5,32,128,NVIDIA RTX 3080,13,1,2023,4,489,64,2749,300,2.34375,8192,2449,New
Apple,Model_322,M1,16,1024,NVIDIA GTX 1650,15,2,2018,3,4228,25,807,300,0.29296875,1200,507,Old
HP,Model_323,Ryzen 9,8,256,NVIDIA RTX 3080,15,0,2020,4,1433,40,1612,321,1.25390625,1280,1291,Old
Acer,Model_325,Ryzen 7,64,256,NVIDIA RTX 3080,17,3,2020,3,3185,67,1552,389,1.51953125,12864,1163,Old
Lenovo,Model_326,Ryzen 7,16,1024,NVIDIA RTX 3050,16,1,2022,2,3824,58,1541,300,0.29296875,1856,1241,Mid
MSI,Model_327,i7,16,256,AMD Radeon RX 6600M,13,1,2020,4,2024,50,2911,302,1.1796875,3200,2609,Old
Razer,Model_328,i5,32,256,NVIDIA RTX 3060,17,1,2024,4,3799,29,543,300,1.171875,3712,243,New
Razer,Model_329,i3,4,1024,NVIDIA RTX 3080,13,2,2022,4,4815,49,2889,464,0.453125,784,2425,Mid
Dell,Model_330,Ryzen 7,16,256,Integrated,13,1,2022,3,2453,37,886,300,1.171875,1776,586,Mid
Dell,Model_331,Ryzen 5,16,512,AMD Radeon RX 6600M,14,2,2020,4,921,79,1259,300,0.5859375,5056,959,Old
Apple,Model_332,M2,8,512,NVIDIA RTX 3070,17,1,2019,4,3223,92,2335,406,0.79296875,2944,1929,Old
Lenovo,Model_333,i3,64,256,NVIDIA RTX 3050,16,2,2021,3,2374,34,547,300,1.171875,6528,247,Mid
Acer,Model_334,Ryzen 9,4,2048,NVIDIA GTX 1650,14,2,2018,4,3639,23,1759,367,0.17919921875,368,1392,Old
Razer,Model_335,Ryzen 5,8,1024,NVIDIA RTX 3050,13,1,2023,4,3482,82,1757,365,0.3564453125,2624,1392,New
Asus,Model_336,Ryzen 5,32,512,NVIDIA GTX 1650,13,2,2021,4,690,59,489,300,0.5859375,7552,189,Mid
Lenovo,Model_337,i5,32,2048,NVIDIA RTX 3050,13,1,2018,4,4661,28,1757,332,0.162109375,3584,1425,Old
Apple,Model_338,i7,16,256,NVIDIA GTX 1650,17,0,2018,3,619,28,598,300,1.171875,1344,298,Old
Apple,Model_339,Ryzen 9,16,2048,NVIDIA RTX 3080,17,1,2022,3,2166,45,937,300,0.146484375,2160,637,Mid
Lenovo,Model_340,Ryzen 7,32,128,NVIDIA RTX 3060,14,2,2018,4,3876,23,700,300,2.34375,2944,400,Old
Apple,Model_341,i5,16,512,NVIDIA GTX 1650,16,1,2023,2,381,35,1123,309,0.603515625,1120,814,New
Lenovo,Model_342,Ryzen 7,4,256,NVIDIA GTX 1650,14,1,2018,4,625,34,1998,300,1.171875,544,1698,Old
HP,Model_343,i5,16,1024,Integrated,15,1,2020,4,2263,71,1859,300,0.29296875,4544,1559,Old
Lenovo,Model_344,i5,64,256,NVIDIA GTX 1650,13,1,2021,4,4952,88,467,300,1.171875,22528,167,Mid
MSI,Model_345,i5,16,1024,Integrated,13,3,2020,5,4148,24,2906,300,0.29296875,1920,2606,Old
Lenovo,Model_346,i7,8,256,NVIDIA RTX 3070,13,1,2023,3,874,39,1937,300,1.171875,936,1637,New
Apple,Model_347,i5,4,2048,NVIDIA RTX 3080,14,3,2018,3,1278,98,797,300,0.146484375,1176,497,Old
Razer,Model_348,i9,8,2048,Integrated,14,1,2024,2,794,37,1019,300,0.146484375,592,719,New
MSI,Model_349,M2,8,2048,NVIDIA RTX 3060,13,1,2023,3,4581,21,1984,476,0.232421875,504,1508,New
Apple,Model_350,Ryzen 7,64,128,AMD Radeon RX 6600M,14,2,2022,3,4188,32,1563,300,2.34375,6144,1263,Mid
Dell,Model_351,i3,4,1024,NVIDIA RTX 3080,17,2,2020,3,2247,23,1129,300,0.29296875,276,829,Old
Dell,Model_352,M1,4,2048,Integrated,17,0,2020,4,4064,61,955,319,0.15576171875,976,636,Old
Razer,Model_353,Ryzen 9,4,128,NVIDIA RTX 3080,14,3,2019,4,4905,93,2352,300,2.34375,1488,2052,Old
Razer,Model_354,i7,4,1024,NVIDIA RTX 3080,13,2,2018,3,945,80,2151,428,0.41796875,960,1723,Old
MSI,Model_355,i3,4,256,NVIDIA RTX 3080,14,0,2022,3,3990,27,2729,313,1.22265625,324,2416,Mid
HP,Model_356,i3,27,801,NVIDIA RTX 3060,14,3,2024,3,2583,86,1683,416,0.519350811485643,6966,1267,New
Razer,Model_357,i9,16,512,NVIDIA RTX 3060,14,0,2020,2,335,82,2359,300,0.5859375,2624,2059,Old
Dell,Model_358,M1,8,128,NVIDIA RTX 3050,15,2,2020,2,1544,28,2001,300,2.34375,448,1701,Old
Lenovo,Model_359,i3,4,128,NVIDIA RTX 3050,17,1,2022,2,3490,30,1880,300,2.34375,240,1580,Mid
Dell,Model_362,M1,8,512,Integrated,15,1,2018,4,4942,55,2751,352,0.6875,1760,2399,Old
HP,Model_363,Ryzen 5,64,2048,NVIDIA RTX 3070,14,1,2019,3,4613,32,1803,456,0.22265625,6144,1347,Old
MSI,Model_365,Ryzen 7,32,128,NVIDIA GTX 1650,15,1,2019,3,1280,56,1699,473,3.6953125,5376,1226,Old
Acer,Model_366,Ryzen 5,16,1024,NVIDIA RTX 3070,13,2,2023,3,650,93,2122,391,0.3818359375,4464,1731,New
HP,Model_367,i5,8,1024,NVIDIA GTX 1650,17,2,2023,4,4713,92,1298,300,0.29296875,2944,998,New
Lenovo,Model_368,i7,32,2048,NVIDIA RTX 3060,16,0,2021,4,4088,71,1606,358,0.1748046875,9088,1248,Mid
MSI,Model_369,M2,16,512,Integrated,14,2,2024,4,4671,90,1935,362,0.70703125,5760,1573,New
Apple,Model_370,Ryzen 9,64,256,AMD Radeon RX 6600M,16,2,2018,3,1377,21,477,300,1.171875,4032,177,Old
Razer,Model_371,i3,27,801,NVIDIA RTX 3060,16,1,2021,3,2583,75,1683,373,0.4656679151061174,6075,1310,Mid
HP,Model_372,Ryzen 7,16,256,NVIDIA RTX 3070,17,2,2024,4,2585,79,637,300,1.171875,5056,337,New
Razer,Model_373,M1,16,2048,NVIDIA RTX 3060,16,1,2021,4,3613,42,1557,312,0.15234375,2688,1245,Mid
Apple,Model_375,M1,64,1024,NVIDIA RTX 3060,15,1,2018,2,1996,83,1615,384,0.375,10624,1231,Old
Apple,Model_376,i9,4,128,NVIDIA RTX 3070,17,1,2018,3,2250,42,677,300,2.34375,504,377,Old
Dell,Model_377,i3,27,801,NVIDIA RTX 3060,13,1,2022,3,2583,48,1683,300,0.37453183520599254,3888,1383,Mid
HP,Model_378,M2,4,2048,NVIDIA RTX 3080,14,1,2019,3,2115,97,579,341,0.16650390625,1164,238,Old
Dell,Model_379,i7,4,1024,NVIDIA RTX 3060,16,1,2019,3,138,70,522,300,0.29296875,840,222,Old
Razer,Model_380,i7,32,512,NVIDIA GTX 1650,14,3,2022,4,4811,88,1669,300,0.5859375,11264,1369,Mid
Acer,Model_381,i5,16,1024,NVIDIA RTX 3070,13,0,2022,4,4006,50,2157,300,0.29296875,3200,1857,Mid
Apple,Model_382,i7,64,128,NVIDIA RTX 3060,14,2,2023,4,861,69,1494,300,2.34375,17664,1194,New
Asus,Model_383,i7,4,128,AMD Radeon RX 6600M,13,3,2024,3,4113,39,879,300,2.34375,468,579,New
Razer,Model_385,Ryzen 5,4,1024,NVIDIA RTX 3070,16,1,2022,3,3004,21,2531,300,0.29296875,252,2231,Mid
Lenovo,Model_386,i5,8,128,NVIDIA RTX 3050,13,1,2020,3,3754,44,2804,327,2.5546875,1056,2477,Old
MSI,Model_387,Ryzen 7,4,512,NVIDIA RTX 3080,14,1,2019,3,2766,32,1215,300,0.5859375,384,915,Old
Dell,Model_388,i3,27,801,NVIDIA RTX 3060,16,2,2022,3,2583,89,1683,301,0.3757802746566791,7209,1382,Mid
Dell,Model_389,Ryzen 7,16,2048,NVIDIA RTX 3060,15,1,2020,3,4381,86,2970,317,0.15478515625,4128,2653,Old
Lenovo,Model_390,i3,8,1024,AMD Radeon RX 6600M,16,1,2020,4,3154,77,542,300,0.29296875,2464,242,Old
Lenovo,Model_391,Ryzen 5,4,2048,NVIDIA RTX 3050,13,1,2020,2,252,94,591,300,0.146484375,752,291,Old
Razer,Model_392,M2,64,128,AMD Radeon RX 6600M,15,3,2023,4,4095,83,1810,300,2.34375,21248,1510,New
Razer,Model_393,i5,8,128,NVIDIA RTX 3050,14,1,2023,3,180,88,777,412,3.21875,2112,365,New
Lenovo,Model_394,i3,27,801,NVIDIA RTX 3060,15,1,2020,3,2583,78,1683,300,0.37453183520599254,6318,1383,Old
Apple,Model_395,M2,4,1024,NVIDIA RTX 3050,15,2,2024,3,3522,79,2116,452,0.44140625,948,1664,New
Razer,Model_396,M2,8,1024,NVIDIA GTX 1650,17,3,2023,3,1509,81,1432,300,0.29296875,1944,1132,New
Acer,Model_397,M2,64,512,NVIDIA GTX 1650,15,1,2021,4,2109,35,1810,300,0.5859375,8960,1510,Mid
Razer,Model_398,Ryzen 7,8,2048,Integrated,15,1,2020,3,2168,87,2540,306,0.1494140625,2088,2234,Old
Dell,Model_399,M1,64,1024,NVIDIA GTX 1650,16,0,2021,2,1982,34,2389,390,0.380859375,4352,1999,Mid
Razer,Model_400,i3,4,256,NVIDIA RTX 3080,14,1,2021,2,3935,74,2976,300,1.171875,592,2676,Mid
Apple,Model_401,i9,16,256,NVIDIA RTX 3050,16,3,2020,3,2268,54,1577,300,1.171875,2592,1277,Old
Lenovo,Model_402,i3,8,128,NVIDIA GTX 1650,16,1,2019,4,4049,74,804,300,2.34375,2368,504,Old
Dell,Model_403,M1,16,2048,NVIDIA RTX 3070,13,1,2024,3,2045,33,1572,332,0.162109375,1584,1240,New
Razer,Model_404,i3,64,1024,AMD Radeon RX 6600M,16,2,2020,4,3281,68,1288,463,0.4521484375,17408,825,Old
Apple,Model_405,i7,8,256,AMD Radeon RX 6600M,17,1,2020,4,867,26,821,300,1.171875,832,521,Old
Acer,Model_406,i3,27,801,NVIDIA RTX 3060,17,1,2023,3,2583,49,1683,393,0.49063670411985016,3969,1290,New
Razer,Model_407,M1,16,128,AMD Radeon RX 6600M,13,1,2020,4,1059,68,871,300,2.34375,4352,571,Old
Apple,Model_408,i3,27,801,NVIDIA RTX 3060,14,1,2019,3,2583,35,1683,300,0.37453183520599254,2835,1383,Old
Acer,Model_409,Ryzen 9,16,2048,Integrated,14,1,2023,4,308,70,1030,300,0.146484375,4480,730,New
Lenovo,Model_410,M1,8,2048,NVIDIA RTX 3050,16,1,2018,4,933,91,1437,300,0.146484375,2912,1137,Old
Razer,Model_411,i5,4,512,NVIDIA RTX 3070,16,2,2018,3,4242,99,2229,330,0.64453125,1188,1899,Old
Acer,Model_412,M1,16,2048,Integrated,16,2,2021,3,4316,61,763,300,0.146484375,2928,463,Mid
Dell,Model_413,i7,32,128,NVIDIA RTX 3060,14,1,2024,2,2809,36,2566,300,2.34375,2304,2266,New
Lenovo,Model_414,Ryzen 9,32,128,NVIDIA RTX 3080,15,2,2021,4,4885,82,945,300,2.34375,10496,645,Mid
Asus,Model_416,Ryzen 9,8,1024,NVIDIA RTX 3050,15,1,2022,2,4055,96,1033,364,0.35546875,1536,669,Mid
HP,Model_417,i5,16,256,AMD Radeon RX 6600M,15,1,2024,3,1812,26,2336,385,1.50390625,1248,1951,New
Razer,Model_418,Ryzen 7,64,1024,NVIDIA RTX 3060,14,2,2018,3,2723,46,2080,381,0.3720703125,8832,1699,Old
Acer,Model_419,i7,16,2048,Integrated,15,1,2021,2,4516,29,1362,300,0.146484375,928,1062,Mid
HP,Model_420,i7,8,256,NVIDIA RTX 3060,13,1,2018,5,2863,53,1282,300,1.171875,2120,982,Old
Acer,Model_422,Ryzen 9,4,512,AMD Radeon RX 6600M,13,1,2019,2,4532,44,915,300,0.5859375,352,615,Old
Lenovo,Model_423,Ryzen 5,32,256,Integrated,17,2,2022,4,3356,25,1820,300,1.171875,3200,1520,Mid
Razer,Model_424,Ryzen 9,64,128,NVIDIA RTX 3070,16,0,2022,4,1481,43,1265,359,2.8046875,11008,906,Mid
Asus,Model_425,M2,4,256,AMD Radeon RX 6600M,15,3,2023,2,2959,37,2553,300,1.171875,296,2253,New
Apple,Model_427,Ryzen 9,8,128,NVIDIA RTX 3060,16,0,2019,3,1917,48,613,300,2.34375,1152,313,Old
Dell,Model_428,Ryzen 7,4,512,NVIDIA RTX 3070,15,2,2021,2,4847,44,2644,300,0.5859375,352,2344,Mid
Apple,Model_429,M2,64,256,NVIDIA RTX 3060,13,1,2018,2,1253,74,418,436,1.703125,9472,-18,Old
Dell,Model_430,i3,8,1024,NVIDIA RTX 3060,16,2,2020,3,4433,65,1041,300,0.29296875,1560,741,Old
Acer,Model_431,i9,32,1024,NVIDIA RTX 3060,15,2,2022,3,1476,43,1504,300,0.29296875,4128,1204,Mid
Asus,Model_432,M2,8,2048,NVIDIA RTX 3080,13,1,2020,4,3967,94,729,317,0.15478515625,3008,412,Old
Razer,Model_433,i9,16,1024,AMD Radeon RX 6600M,17,1,2021,4,1976,45,1265,300,0.29296875,2880,965,Mid
Apple,Model_434,i7,8,256,NVIDIA GTX 1650,17,1,2022,5,385,47,1173,300,1.171875,1880,873,Mid
Razer,Model_435,M2,8,256,AMD Radeon RX 6600M,17,2,2020,3,272,22,791,300,1.171875,528,491,Old
Razer,Model_436,i5,16,1024,NVIDIA RTX 3070,17,1,2024,4,4372,94,1036,465,0.4541015625,6016,571,New
Razer,Model_437,i9,64,256,NVIDIA RTX 3060,14,1,2021,3,3398,57,2754,391,1.52734375,10944,2363,Mid
Lenovo,Model_439,i5,8,128,NVIDIA RTX 3080,16,2,2024,2,1954,97,2967,300,2.34375,1552,2667,New
Dell,Model_440,M1,16,2048,NVIDIA RTX 3070,14,2,2021,2,1903,70,2074,446,0.2177734375,2240,1628,Mid
Razer,Model_441,M1,16,2048,NVIDIA RTX 3050,15,1,2023,4,3644,67,1139,300,0.146484375,4288,839,New
Dell,Model_442,i3,32,256,AMD Radeon RX 6600M,15,1,2022,3,1662,40,1945,300,1.171875,3840,1645,Mid
Razer,Model_443,i7,64,128,NVIDIA RTX 3050,17,1,2019,3,4151,73,868,300,2.34375,14016,568,Old
Lenovo,Model_445,Ryzen 5,64,512,NVIDIA RTX 3080,15,1,2024,3,609,78,1535,391,0.763671875,14976,1144,New
Lenovo,Model_446,Ryzen 7,64,256,NVIDIA RTX 3080,13,2,2024,3,4825,91,1431,300,1.171875,17472,1131,New
Acer,Model_447,i9,32,256,AMD Radeon RX 6600M,16,1,2020,3,1922,70,2924,300,1.171875,6720,2624,Old
MSI,Model_448,i5,4,256,NVIDIA RTX 3070,13,1,2022,4,1302,39,1273,300,1.171875,624,973,Mid
Acer,Model_449,M1,32,128,NVIDIA RTX 3070,16,3,2019,4,610,78,859,300,2.34375,9984,559,Old
Acer,Model_450,i3,27,801,NVIDIA RTX 3060,14,1,2021,3,2583,90,1683,300,0.37453183520599254,7290,1383,Mid
Acer,Model_451,Ryzen 5,8,128,NVIDIA RTX 3070,14,2,2019,3,4223,28,1949,354,2.765625,672,1595,Old
Acer,Model_452,M2,4,1024,NVIDIA RTX 3080,17,1,2022,3,3647,20,1151,300,0.29296875,240,851,Mid
Acer,Model_453,i3,32,512,AMD Radeon RX 6600M,15,2,2022,4,2173,48,1861,458,0.89453125,6144,1403,Mid
Asus,Model_454,Ryzen 5,64,128,NVIDIA GTX 1650,17,1,2023,3,4365,82,2177,300,2.34375,15744,1877,New
Lenovo,Model_455,Ryzen 7,4,1024,NVIDIA RTX 3080,16,2,2023,3,1108,91,1253,300,0.29296875,1092,953,New
Acer,Model_456,Ryzen 5,4,128,NVIDIA RTX 3050,17,1,2019,2,375,75,2683,300,2.34375,600,2383,Old
Razer,Model_457,Ryzen 7,16,128,NVIDIA RTX 3070,13,1,2021,3,2580,87,1729,300,2.34375,4176,1429,Mid
Lenovo,Model_458,Ryzen 7,64,512,NVIDIA RTX 3080,16,1,2019,3,3429,54,877,300,0.5859375,10368,577,Old
Lenovo,Model_459,Ryzen 9,8,2048,NVIDIA RTX 3080,14,2,2022,4,2486,22,2663,371,0.18115234375,704,2292,Mid
HP,Model_460,i9,32,2048,AMD Radeon RX 6600M,15,1,2022,3,800,26,534,300,0.146484375,2496,234,Mid
Asus,Model_461,M1,8,128,NVIDIA RTX 3070,16,2,2020,3,3579,46,1552,300,2.34375,1104,1252,Old
Acer,Model_462,Ryzen 9,64,256,NVIDIA GTX 1650,16,2,2023,4,756,20,809,305,1.19140625,5120,504,New
Dell,Model_463,M2,4,1024,AMD Radeon RX 6600M,13,1,2020,4,322,99,1845,300,0.29296875,1584,1545,Old
Apple,Model_464,Ryzen 9,4,256,NVIDIA GTX 1650,15,1,2018,3,4643,90,1717,300,1.171875,1080,1417,Old
MSI,Model_465,i7,64,256,AMD Radeon RX 6600M,14,1,2022,3,930,63,1669,401,1.56640625,12096,1268,Mid
Razer,Model_466,i7,4,128,NVIDIA RTX 3070,16,1,2020,3,1087,60,1979,360,2.8125,720,1619,Old
Dell,Model_467,M1,4,128,Integrated,16,0,2019,4,2839,94,485,300,2.34375,1504,185,Old
Asus,Model_468,Ryzen 5,4,128,NVIDIA RTX 3070,13,2,2023,2,2391,61,2265,393,3.0703125,488,1872,New
Apple,Model_469,i9,32,128,NVIDIA RTX 3070,17,2,2023,4,3628,52,1869,351,2.7421875,6656,1518,New
Asus,Model_470,M1,32,2048,NVIDIA GTX 1650,14,1,2021,4,807,69,777,300,0.146484375,8832,477,Mid
Razer,Model_471,Ryzen 7,16,128,NVIDIA GTX 1650,15,2,2019,3,4453,82,2080,373,2.9140625,3936,1707,Old
Lenovo,Model_472,i5,8,2048,NVIDIA RTX 3070,16,2,2021,2,282,56,1474,315,0.15380859375,896,1159,Mid
Apple,Model_473,i9,64,2048,NVIDIA RTX 3070,16,1,2020,3,3020,78,641,300,0.146484375,14976,341,Old
Lenovo,Model_474,i9,64,128,NVIDIA RTX 3070,14,1,2024,3,4825,67,1319,300,2.34375,12864,1019,New
Razer,Model_475,Ryzen 7,64,512,NVIDIA GTX 1650,17,1,2018,2,1783,24,1986,362,0.70703125,3072,1624,Old
Dell,Model_476,Ryzen 7,16,1024,NVIDIA RTX 3070,16,2,2019,4,2557,67,2713,393,0.3837890625,4288,2320,Old
Razer,Model_477,i3,32,256,NVIDIA RTX 3070,14,1,2019,4,3174,22,1671,357,1.39453125,2816,1314,Old
Dell,Model_478,M1,16,2048,NVIDIA RTX 3060,13,2,2019,3,4790,66,469,347,0.16943359375,3168,122,Old
Apple,Model_479,Ryzen 7,64,1024,Integrated,17,2,2021,4,4727,81,2504,412,0.40234375,20736,2092,Mid
Apple,Model_480,i7,8,512,NVIDIA RTX 3050,15,0,2020,2,956,33,1805,300,0.5859375,528,1505,Old
Acer,Model_481,M2,4,256,Integrated,16,1,2019,3,2675,82,2486,300,1.171875,984,2186,Old
Asus,Model_482,i5,32,256,NVIDIA RTX 3060,14,1,2024,2,516,80,2407,300,1.171875,5120,2107,New
Acer,Model_483,M1,32,2048,NVIDIA RTX 3050,13,1,2019,4,253,50,1200,300,0.146484375,6400,900,Old
Asus,Model_484,i7,16,128,AMD Radeon RX 6600M,15,2,2023,4,515,36,1441,300,2.34375,2304,1141,New
Acer,Model_485,Ryzen 5,32,512,NVIDIA RTX 3070,14,2,2018,4,4527,43,1224,414,0.80859375,5504,810,Old
Lenovo,Model_486,Ryzen 7,64,2048,NVIDIA RTX 3060,14,1,2023,2,3168,42,1155,350,0.1708984375,5376,805,New
Apple,Model_487,Ryzen 7,64,512,AMD Radeon RX 6600M,15,1,2023,3,3600,69,2799,407,0.794921875,13248,2392,New
Dell,Model_488,i9,16,128,NVIDIA RTX 3070,13,3,2018,3,1882,97,2395,396,3.09375,4656,1999,Old
Asus,Model_489,i7,64,128,NVIDIA GTX 1650,13,1,2024,3,3803,98,2239,407,3.1796875,18816,1832,New
Razer,Model_490,i3,27,801,NVIDIA RTX 3060,17,1,2020,3,2583,98,1683,321,0.40074906367041196,7938,1362,Old
Asus,Model_491,i3,27,801,NVIDIA RTX 3060,16,1,2023,3,2583,89,1683,300,0.37453183520599254,7209,1383,New
Dell,Model_492,i9,8,1024,NVIDIA GTX 1650,15,1,2020,4,4755,46,2009,300,0.29296875,1472,1709,Old
Acer,Model_493,i3,4,256,NVIDIA RTX 3060,15,1,2023,3,1474,34,509,300,1.171875,408,209,New
Asus,Model_494,i3,8,2048,NVIDIA RTX 3060,15,1,2022,3,400,69,1416,300,0.146484375,1656,1116,Mid
MSI,Model_495,i3,27,801,NVIDIA RTX 3060,13,1,2018,3,2583,55,1683,404,0.5043695380774033,4455,1279,Old
Apple,Model_497,i9,8,2048,Integrated,17,2,2022,3,4847,98,2169,306,0.1494140625,2352,1863,Mid
Dell,Model_498,i7,16,128,NVIDIA RTX 3070,14,2,2021,4,4925,22,424,300,2.34375,1408,124,Mid
Apple,Model_499,i3,64,128,NVIDIA RTX 3060,14,2,2022,4,682,81,1242,310,2.421875,20736,932,Mid
