Title,Link,Price,Discount Price,Rating,Reviews
Lenovo Chromebook 300e/500e - X360 2-in-1 - (FREE STYLUS PEN GIFT) - Touch Laptop and Tab - 4GB Ram - 32GB Storage - Touch x 360° Rotatable - Type C Charger - Auto Update 2027/2029,https://www.daraz.pk/products/300e500e-x360-2-1-4gb-32gb-x-360-c-20272029-i912218717.html,,,,
"Dell 3180 Chromebook 11.6 inches HD screen, 4GB Ram 16GB SSD, HDMI, WiFi, Webcam, Chrome OS / Windows 10",https://www.daraz.pk/products/4gb-4gb-16gb-ssd-hdmi-wifi-os-10-i434350899.html,,,,
"Hp Chromebook 11 G6 EE | 4GB RAM DDR4 | 16GB SSD EMMC | Playstore supported | 11.6"" screen - Daraz Like New Laptops",https://www.daraz.pk/products/hp-11-g6-ee-air-4gb-ddr4-air-16gb-ssd-emmc-116-i492080752.html,,,,
Apple 2017 Macbook Laptop Core i5 8GB RAM 128GB SSD 4K Display 4hrs Battery Timming,https://www.daraz.pk/products/2017-8gb-i5-4k-ssd-128gb-4hrs-i673854371.html,,,,
"Lenovo ThinkPad Yoga 11e 11.6-inch Touch Screen 360 Convertible Laptop ( Intel® Celeron® Processor N3150 2M Cache, up to 2.25 GHz 4GB 128GB SSD Windows 10 Pro Intel HD Graphics), Black - Daraz Like New Laptops",https://www.daraz.pk/products/11e-116-360-n3150-2m-psd-10-4gb-4-ghz-hd-i698263039.html,,,,
Dell Chromebook 3189 | Touch Screen | 32GB Storage | 4GB RAM | 360 Rotatable | 11.6″ HD Display | Playstore Supported | - Daraz Like New Laptops,https://www.daraz.pk/products/dell-chromebook-3189-touch-screen-32gb-storage-4gb-ram-360-rotatable-116-hd-display-playstore-supported-daraz-like-new-laptops-i645876561.html,,,,
HP Chromebook 11 G4 | 16GB Storage | 2GB RAM | 11.6″ Display | Factory Playstore | Black & Silver - Daraz Like New Laptops,https://www.daraz.pk/products/hp-chromebook-11-g4-16gb-storage-2gb-ram-116-display-factory-playstore-black-silver-daraz-like-new-laptops-i599201597.html,,,,
Daraz Like New Laptops - Lenovo Chromebook 300E/500E X360 TOUCH SCREEN - 2027 UPDATE -  Intel Celeron 4GB RAM 32GB Chrome OS,https://www.daraz.pk/products/300e-x360-2027-4gb-32gb-os-i583998700.html,,,,
HP Chromebook 11 G4 | 16GB Storage | 2GB RAM | 11.6″ Display | Playstore Supported Chromebook | Black - Daraz Like New Laptops,https://www.daraz.pk/products/hp-chromebook-11-g4-16gb-storage-2gb-ram-116-display-playstore-supported-chromebook-black-daraz-like-new-laptops-i468636960.html,,,,
"Daraz Like New Laptops - Dell Latitude E5540, Core i5 4th generation, 8GB DDR3 Ram, 500GB Hard Drive, 15.6"" Led Display, Intel HD Graphics",https://www.daraz.pk/products/e5540-4th-i5-8gb-ddr3-500gb-156-led-hd-i411633502.html,,,,
"HP Chromebook 14"" HD Widescreen Laptop Computer - Intel Celeron N3350 up to 2.4GHz - 4GB DDR4 Memory - 16GB eMMC Flash Memory - 802.11ac - Bluetooth - USB-C 3.1 - Chrome OS - Play Store",https://www.daraz.pk/products/hp-chromebook-14-hd-widescreen-laptop-computer-intel-celeron-n3350-up-to-24ghz-4gb-ddr4-memory-16gb-emmc-flash-memory-80211ac-bluetooth-usb-c-31-chrome-os-play-store-i438325283.html,,,,
"HP Stream 14-inch Laptop, Intel Celeron N3060 Processor, 4 GB SDRAM Memory, 32 GB eMMC Storage, Windows 8.1 or 10 Home in S Mode (14-cb030nr, Smoke Gray)",https://www.daraz.pk/products/hp-stream-14-inch-laptop-intel-celeron-n3060-processor-4-gb-sdram-memory-32-gb-emmc-storage-windows-10-home-in-s-mode-14-cb030nr-smoke-gray-i385729442.html,,,,
HP Chromebook 11 G8 | 32GB Storage | 4GB RAM | 11.6″ Display | Playstore Chromebook | 2029 Updated- Daraz Like New Laptops,https://www.daraz.pk/products/hp-chromebook-11-g8-32gb-storage-4gb-ram-116-display-playstore-chromebook-2029-updated-daraz-like-new-laptops-i892961588.html,,,,
"HP ZBook 15 G2 Mobile Workstation Intel Core i7 - 4810MQ X4 2.8GHz 8GB 256GB SSD 15.6"" Win10, Black - Daraz Like New Laptops",https://www.daraz.pk/products/hp-zbook-15-g2-i7-4810mq-x4-28ghz-8gb-ssd-256gb-10-i422163597.html,,,,
"""Lenovo ThinkPad Yoga 11e 11.6"" Touchscreen Laptop - Intel Quad-Core, 128GB SSD, 4GB RAM, HD Webcam, HDMI, Bluetooth, Windows 10 Pro"" Daraz Like New",https://www.daraz.pk/products/11e-116-4gb-ssd-128gb-hd-hdmi-10-i392029714.html,,,,
"Dell Latitude E6420 , Core i5 2nd generation, 8GB DDR3 Ram, 128GB SSD Drive, 14.1"" Led Display, Intel HD Graphics - Daraz Like New Laptops",https://www.daraz.pk/products/dell-latitude-e6420-core-i5-2nd-generation-8gb-ddr3-ram-128gb-ssd-drive-141-led-display-intel-hd-graphics-daraz-like-new-laptops-i562773453.html,,,,
"Dell Latitude 3180 HD Laptop Notebook Educational PC (Intel Pentium N4200 Quad Core, 4GB Ram, 128GB Solid State SSD, Camera, HDMI, WiFi, Bluetooth) Windows 10 - Daraz Like New Laptops",https://www.daraz.pk/products/3180-hd-n4200-4gb-128gb-ssd-hdmi-wifi-10-i422501825.html,,,,
LAPTOP Lenovo Thinkpad X230 Core i5 3rd Gen 4GB RAM 250GB 12.5″ Windows 10 (Free Laptop Bag) - Daraz Like New Laptops,https://www.daraz.pk/products/laptop-lenovo-thinkpad-x230-core-i5-3rd-gen-4gb-ram-250gb-125-windows-10-free-laptop-bag-daraz-like-new-laptops-i489062541.html,,,,
Daraz Like New Laptops - Dell Chromebook 11 3180 - 4GB RAM - 16GB SSD,https://www.daraz.pk/products/11-3180-4gb-16gb-ssd-i433782803.html,,,,
Dell Chromebook 3120 | 16GB Storage | 2GB RAM | Dual-core 1.6GHz | 6th Generation | 11.6″ Screen | Playstore Supported |  Daraz Like New Laptops,https://www.daraz.pk/products/dell-chromebook-3120-16gb-storage-2gb-ram-dual-core-16ghz-6th-generation-116-screen-playstore-supported-daraz-like-new-laptops-i468660757.html,,,,
"Dell Latitude 5530, Core i5 3rd generation, 8GB Ram, 500GB Hard Drive, 15.6"" Led Display, Numeric Keypad (Windows 10 Registered) FREE LAPTOP BAG - Daraz Like New Laptops",https://www.daraz.pk/products/5530-3rd-i5-8gb-500gb-156-led-10-i450678797.html,,,,
Dell Chromebook 11 3180 - 4GB RAM - 16GB SSD (FREE LAPTOP BAG) - Daraz like new laptops,https://www.daraz.pk/products/dell-chromebook-11-3180-4gb-ram-16gb-ssd-free-laptop-bag-daraz-like-new-laptops-i426891813.html,,,,
Lenovo N22/N23 Chromebook – 11.6″ – 4 GB RAM – 16 GB ROM – With Play Store - PUBG Supported - Daraz like new laptops,https://www.daraz.pk/products/lenovo-n22n23-chromebook-116-4-gb-ram-16-gb-rom-with-play-store-pubg-supported-daraz-like-new-laptops-i466117396.html,,,,
"Daraz Like New Laptops - Dell Latitude 6530, Core i5 3rd generation, 8GB Ram, 500GB Hard Drive, 15.6"" Led Display, Numeric Keypad (Windows 10 Registered) FREE LAPTOP BAG",https://www.daraz.pk/products/6530-3rd-i5-8gb-500gb-led-10-i410012987.html,,,,
"Daraz Like New Laptops - HP Elitebook 840 G2 Notebook PC Intel Core i5 5th Generation, 8GB DDR3 Ram, 256GB SSD Drive, 14.1"" Led Display, Intel HD Graphics Card",https://www.daraz.pk/products/daraz-like-new-laptops-hp-elitebook-840-g2-notebook-pc-intel-core-i5-5th-generation-8gb-ddr3-ram-256gb-ssd-drive-141-led-display-intel-hd-graphics-card-i348917159.html,,,,
Lenovo ThinkPad X230  Core i5 3rd Gen 4 GB RAM 250 GB 12..5″ Windows 10 (Free Laptop Bag) - Daraz like new laptops,https://www.daraz.pk/products/lenovo-thinkpad-x230-core-i5-3rd-gen-4-gb-ram-250-gb-125-windows-10-free-laptop-bag-daraz-like-new-laptops-i403903415.html,,,,
"Apple MacBook Pro 2011 A1278 Display 13-inch Laptop (Intel i5 2.5 GHz, 8 GB RAM, 500GB HDD, Intel HD, macOS High Sierra - Silver - Daraz Like New Laptops",https://www.daraz.pk/products/2011-a1278-13-8-gb-i5-25-ghz-8-gb-hdd-hd-i615604657.html,,,,
LAPTOP Dell Chromebook 3180 - 4GB RAM - 16GB SSD (FREE LAPTOP BAG) - Daraz like new laptops,https://www.daraz.pk/products/laptop-dell-chromebook-3180-4gb-ram-16gb-ssd-free-laptop-bag-daraz-like-new-laptops-i372058059.html,,,,
Lenovo Thinkpad – X230 – Core i5 3rd Gen – 4GB RAM – 250GB – 12.5″ FREE LAPTOP BAG - Daraz like new laptops,https://www.daraz.pk/products/lenovo-thinkpad-x230-core-i5-3rd-gen-4gb-ram-250gb-125-free-laptop-bag-daraz-like-new-laptops-i352848855.html,,,,
"Dell 3180 Chromebook 11.6 inches HD screen, 4GB Ram 16GB SSD, HDMI, WiFi, Webcam, Chrome OS / Windows 10",https://www.daraz.pk/products/dell-3180-chromebook-116-inches-hd-screen-4gb-ram-16gb-ssd-hdmi-wifi-webcam-chrome-os-windows-10-i488190625.html,,,,
"HP Chromebook 11 G6 EE 11.6"" Chromebook Intel Celeron 1.10 GHz 4GB Ram 16GB SSD, HDMI, WiFi, Webcam, Play Store, Chrome OS - FREE LAPTOP BAG",https://www.daraz.pk/products/hp-11-g6-ee-116-4gb-16gb-ssd-hdmi-wifi-os-i536085748.html,,,,
"Dell Latitude 5410 Ultra Book Core i7 10th generation, 16GB DDR4 Ram 256GB Solid State Drive SSD 14.1"" FHD Led Display Intel HD Graphics - Daraz Like New Laptops",https://www.daraz.pk/products/dell-latitude-5410-ultra-book-core-i7-10th-generation-16gb-ddr4-ram-256gb-solid-state-drive-ssd-141-fhd-led-display-intel-hd-graphics-daraz-like-new-laptops-i562750713.html,,,,
Daraz Like New Laptops - Lenovo Chromebook 100E Intel Celeron 4GB RAM 16GB Chrome OS,https://www.daraz.pk/products/100e-4gb-16gb-os-i454369988.html,,,,
"USED - LAPTOPS - Dell 3180 Chromebook 11.6 inches HD screen, 4GB Ram 16GB SSD, HDMI, WiFi, Webcam, Chrome OS / Windows 10 - USED",https://www.daraz.pk/products/used-laptops-dell-3180-chromebook-116-inches-hd-screen-4gb-ram-16gb-ssd-hdmi-wifi-webcam-chrome-os-windows-10-used-i883539138.html,,,,
HP Chromebook 11 G4/G5 | Wwindows 10 - 16GB Storage | 4GB RAM | 11.6″ Display |  | Black - Daraz Like New Laptops,https://www.daraz.pk/products/hp-11-g4g5-law-w-10-16gb-4gb-10-i830680647.html,,,,
"Daraz Like New Laptops - Dell Latitude 6320 , Core i5 2nd Genertion, 8GB DDR3 Ram, 128GB SSD Drive, 13.3"" Led Display, Intel HD Graphics Card",https://www.daraz.pk/products/daraz-like-new-laptops-dell-latitude-6320-core-i5-2nd-genertion-8gb-ddr3-ram-128gb-ssd-drive-133-led-display-intel-hd-graphics-card-i416462388.html,,,,
Daraz Like New Laptops - HP EliteBook 840 G5 Core i5 8th Gen 16GB RAM 256GB SSD  14″ FHD IPS LED,https://www.daraz.pk/products/daraz-like-new-laptops-hp-elitebook-840-g5-core-i5-8th-gen-16gb-ram-256gb-ssd-14-fhd-ips-led-i385718181.html,,,,
"Dell Latitude 5430, Core i5 3rd generation, 8GB Ram, 500GB Hard Drive, 14"" Led Display, (Windows 10 Registered) FREE LAPTOP BAG - Daraz Like New Laptops",https://www.daraz.pk/products/5430-3rd-i5-8gb-500gb-14-led-10-i433783850.html,,,,
Daraz Like New Laptops - Hp 14 Chromebook || 4 GB Ram - 16GB Rom || FREE LAPTOP BAG AND CHARGER,https://www.daraz.pk/products/hp-14-4gb-16gb-14-hd-i603828059.html,,,,
"Daraz Like New Laptops - HP ProBook 6460 , Core i5 2nd Genertion, 8GB DDR3 Ram, 128GB SSD Drive, 14.1"" Led Display, Intel HD Graphics Card",https://www.daraz.pk/products/daraz-like-new-laptops-hp-probook-6460-core-i5-2nd-genertion-8gb-ddr3-ram-128gb-ssd-drive-141-led-display-intel-hd-graphics-card-i416752163.html,,,,
"Dell 3189 Convertible Chromebook 11.6 inches HD IPS Touchscreen, Intel Celeron N3060 Up to 2.48GHz, 4GB Ram 16GB / 32GB SSD, HDMI, WiFi, Webcam, Chrome OS - FREE LAPTOP BAG",https://www.daraz.pk/products/4gb-4gb-16gb32gb-ssd-hdmi-wifi-os-n3060-i405246469.html,,,,
Lenovo ThinkPad T450 - 14 Inch - Intel i5-5300U 2.30GHz - 8 GB RAM - 500GB HDD - Windows 10 (Registered Windows) FREE LAPTOP BAG - Daraz like new laptops,https://www.daraz.pk/products/lenovo-thinkpad-t450-14-inch-intel-i5-5300u-230ghz-8-gb-ram-500gb-hdd-windows-10-registered-windows-free-laptop-bag-daraz-like-new-laptops-i315643407.html,,,,
"Dell Latitude 6430, Core i5 3rd generation, 8GB Ram, 500GB Hard Drive, 14"" Led Display, (Windows 10 Registered) FREE LAPTOP BAG",https://www.daraz.pk/products/6430-3rd-i5-8gb-500gb-14-led-10-i419772071.html,,,,
HP Chromebook 11 G4 | 16GB Storage | 4GB RAM | 11.6″ Display | Playstore Supported Chromebook | Black - Daraz Like New Laptops,https://www.daraz.pk/products/hp-11-g4-16gb-air-4gb-ram-lax-116-i492088295.html,,,,
"Dell | ChromeBook 3100 - 2027 update | Media tek 8173 Quad-Core Processor, 4GB DDR4 RAM | 16GB Storage | 11.6″ Display | Playstore Supported | Chrome OS - AUE 2029 daraz like new laptops",https://www.daraz.pk/products/3100-2027-8173-4gb-ddr4-ail-16gb-law-116-os-aue-2029-i572942786.html,,,,
"Hp Chromebook G8 (  TOUCH SCREEN )  - 4GB Ram DDR4 - 32GB SSD  - 11.6"" Screen Size - Chrome OS -",https://www.daraz.pk/products/hp-g8-4gb-ddr4-32gb-ssd-os-i478489959.html,,,,
Acer ChromeBook R11 | Touch Screen | 16GB Storage | 4GB RAM | 360 Rotatable | 11.6″ HD Display | Playstore Supported | - Daraz Like New Laptops,https://www.daraz.pk/products/acer-chromebook-r11-touch-screen-16gb-storage-4gb-ram-360-rotatable-116-hd-display-playstore-supported-daraz-like-new-laptops-i468660540.html,,,,
Acer | C740 | 128GB Storage | 2GB RAM | Windows 10 / 11.6″ Display | Play Store Supported | Android Apps Supported,https://www.daraz.pk/products/acer-c740-128gb-storage-2gb-ram-windows-10-116-display-play-store-supported-android-apps-supported-i466956264.html,,,,
"Daraz Like New Laptops - Hp Chromebook 11 G8 - 4GB Ram DDR4 - 32GB SSD - 11.6"" Screen Size - Chrome OS - FREE LAPTOP BAG AND CHARGER",https://www.daraz.pk/products/hp-g8-4gb-ddr4-32gb-ssd-os-i604367802.html,,,,
"Dell 3180 Chromebook 11.6 inches HD screen, 4GB Ram 16GB SSD, HDMI, WiFi, Webcam, Chrome OS / Windows 10 - used laptops",https://www.daraz.pk/products/dell-3180-chromebook-116-inches-hd-screen-4gb-ram-16gb-ssd-hdmi-wifi-webcam-chrome-os-windows-10-used-laptops-i887492504.html,,,,
"Dell 3180 Chromebook 11.6 inches HD screen, 4GB Ram 16GB SSD, HDMI, WiFi, Webcam, Chrome OS",https://www.daraz.pk/products/dell-3180-chromebook-116-inches-hd-screen-4gb-ram-16gb-ssd-hdmi-wifi-webcam-chrome-os-i493961114.html,,,,
Dell Latitude 7280 - Core i5 7th Generation - 8GB RAM - 256GB SSD - 12.5inch Screen - FREE LAPTOP BAG (Windows 11 Licensed) - daraz like new laptops,https://www.daraz.pk/products/dell-latitude-7280-core-i5-7th-generation-8gb-ram-256gb-ssd-125inch-screen-free-laptop-bag-windows-11-licensed-daraz-like-new-laptops-i410482925.html,,,,
Daraz Like New - Lenovo Chromebook N21 | 4GB RAM | 16GB Storage | 11.6″ Display | Rotatable Webcam | 8 Hours Battery | FREE LAPTOP BAG,https://www.daraz.pk/products/n21-4gb-16gb-8-i448782692.html,,,,
"Apple MacBook Pro 2011 A1278 Display 13-inch Laptop (Intel i5 2.3 GHz, 8 GB RAM, 500GB HDD, Intel HD, macOS High Sierra - Silver - Daraz Like New Laptops",https://www.daraz.pk/products/2011-a1278-13-8-gb-i5-23-ghz-8-gb-hdd-hd-i352783951.html,,,,
"Dell Latitude 3189 Hybrid (2-in-1) - 11.6"" Touchscreen - Intel® Pentium® 6th Generation (N4200) - 4GB RAM - 128GB SSD - Windows 11 (Licensed) - FREE LAPTOP BAG - Daraz like new laptops",https://www.daraz.pk/products/dell-latitude-3189-hybrid-2-in-1-116-touchscreen-intel-pentium-6th-generation-n4200-4gb-ram-128gb-ssd-windows-11-licensed-free-laptop-bag-daraz-like-new-laptops-i352858681.html,,,,
Lenovo Thinkpad – X230 – Core i5 3rd Gen – 4 GB RAM – 250 GB – 12.5″ - Refurbished,https://www.daraz.pk/products/x230-3rd-i5-4-gb-250-gb-i250339359.html,,,,
USED - Lenovo Thinkpad X230 Core i5 3rd Gen 4GB RAM 250GB 12.5″ Windows 10 (Free Laptop Bag) - Daraz like new laptops,https://www.daraz.pk/products/used-lenovo-thinkpad-x230-core-i5-3rd-gen-4gb-ram-250gb-125-windows-10-free-laptop-bag-daraz-like-new-laptops-i488689272.html,,,,
Daraz Like New Laptops - Lenovo N22/N23 Chromebook – 11.6″ – 4 GB RAM – 16 GB ROM – With Play Store - PUBG Supported,https://www.daraz.pk/products/n22n23-116-4-gb-16-gb-pubg-i405134587.html,,,,
Samsung | Chromebook 500C | 16GB Storage | 4GB RAM | ‎1.6 GHz Intel Celeron | Dual Core | 11.6 Inch Display | Playstore Supported | Chromebook - Daraz Like New Laptops,https://www.daraz.pk/products/samsung-chromebook-500c-16gb-storage-4gb-ram-16-ghz-intel-celeron-dual-core-116-inch-display-playstore-supported-chromebook-daraz-like-new-laptops-i468654342.html,,,,
"Dell Latitude 5430, Core i5 3rd generation, 8GB Ram, 500GB Hard Drive, 14"" Led Display, (Windows 10 Registered) FREE LAPTOP BAG - Daraz Like New Laptops",https://www.daraz.pk/products/dell-latitude-5430-core-i5-3rd-generation-8gb-ram-500gb-hard-drive-14-led-display-windows-10-registered-free-laptop-bag-daraz-like-new-laptops-i407519359.html,,,,
Acer | C740/C720 | 128GB Storage | 4GB RAM | Windows 10 / 11.6″ Display | Play Store Supported | Android Apps Supported | Chromebook -,https://www.daraz.pk/products/c740c720-4gb-4gb-1010-i419784312.html,,,,
Dell Chromebook 3189 | Touch Screen | 32GB Storage | 4GB RAM | 360 Rotatable | 11.6″ HD Display | Playstore Supported | - Daraz Like New Laptops - USED,https://www.daraz.pk/products/dell-chromebook-3189-touch-screen-32gb-storage-4gb-ram-360-rotatable-116-hd-display-playstore-supported-daraz-like-new-laptops-used-i897075238.html,,,,
"Hp Chromebook 11 G6 EE | 4GB RAM DDR4 | 16GB SSD EMMC | Playstore supported | 11.6"" screen",https://www.daraz.pk/products/hp-chromebook-11-g6-ee-4gb-ram-ddr4-16gb-ssd-emmc-playstore-supported-116-screen-i467908941.html,,,,
Daraz Like New Laptops - HP Chromebook 11 G4 | 16GB Storage | 4GB RAM | 11.6″ Display | Playstore Supported | Dual Core | Chrome Book,https://www.daraz.pk/products/daraz-like-new-laptops-hp-chromebook-11-g4-16gb-storage-4gb-ram-116-display-playstore-supported-dual-core-chrome-book-i381512226.html,,,,
HP ProBook 640 G1 - Core i5 4th Generation - 4GB RAM - 500GB HDD - 14inch Screen - Free Laptop Bag (Windows 10 PRO) - Daraz like new laptops,https://www.daraz.pk/products/hp-probook-640-g1-core-i5-4th-generation-4gb-ram-500gb-hdd-14inch-screen-free-laptop-bag-windows-10-pro-daraz-like-new-laptops-i315629680.html,,,,
HP Chromebook 14 G5 - 14 - inch HD  Widescreen Laptop Computer - Intel Celeron N3350 up to 2.4GHz - 4GB DDR4 Memory - 32GB eMMC Flash Memory - 802.11ac - Bluetooth - USB-C 3.1 - Chrome OS - Play Store - Refurbished,https://www.daraz.pk/products/hp-chromebook-14-g5-14-inch-hd-widescreen-laptop-computer-intel-celeron-n3350-up-to-24ghz-4gb-ddr4-memory-32gb-emmc-flash-memory-80211ac-bluetooth-usb-c-31-chrome-os-play-store-refurbished-i238677412.html,,,,
Lenovo N23 Chromebook - 11.6″ – 4 GB RAM – 16 GB ROM – With Play Store - PUBG Supported - Daraz Like New Laptops,https://www.daraz.pk/products/n23-116-4-gb-16-gb-pubg-i392037409.html,,,,
Wooden Gaming Laptop Table For Bed Foldable Stand Ergonomic Portable Drawing Notebook Reading Food Breakfast Serving With Inbuild Engraved Tablet And Cup Holder Slots Couch For HP Apple Mackook M1 Dell Lenovo MSI Asus,https://www.daraz.pk/products/wooden-gaming-laptop-table-for-bed-foldable-stand-ergonomic-portable-drawing-notebook-reading-food-breakfast-serving-with-inbuild-engraved-tablet-and-cup-holder-slots-couch-for-hp-apple-mackook-m1-dell-lenovo-msi-asus-i471263741.html,,,,
HP - EliteBook 840G5 - CORE I5 8TH GENERATION- 16GB RAM - 256GB SSD - Windows® 10 Activated - FREE LAPTOP BAG,https://www.daraz.pk/products/hp-840g5-8th-i5-16gb-256gb10-i370333854.html,,,,
"Acer Chromebook CB5-311-P (13.3-inch Full HD Display, 4GB Ram , 16GB SSD) - Daraz Like New Laptops",https://www.daraz.pk/products/cb5-311-p-133-hd-4gb-16gb-ssd-i462133047.html,,,,
"Lenovo Chromebook 300e (11.6"" Touch, Intel/MediaTek, 4GB RAM, 32GB Storage, 360° Flip, Black) – Like New Laptops  | 1 Year Warranty",https://www.daraz.pk/products/300e-116-4gb-32gb-360-1-i878203325.html,,,,
"Daraz Like New Laptops - Acer Chromebook R13 2in1 Convertible ,4GB DDR3 Ram, 32GB SSD Drive, 13.3-inch Full HD X360 Touch  Screen Update Available",https://www.daraz.pk/products/daraz-like-new-laptops-acer-chromebook-r-13-convertible-4gb-ddr3-ram-32gb-ssd-drive-133-inch-full-hd-x360-touch-screen-update-available-i416473671.html,,,,
"Lenovo ThinkPad T460 Core i5 6th Gen, 16GB, 256GB SSD, 14″ LED (Windows 11 Licensed) FREE LAPTOP BAG)",https://www.daraz.pk/products/lenovo-thinkpad-t460-core-i5-6th-gen-16gb-256gb-ssd-14-led-windows-11-licensed-free-laptop-bag-i406408848.html,,,,
Daraz Like New Laptops - Lenovo Chromebook 300E 2in1 X360 Touch Screen Intel Celeron 4GB RAM 32GB Chrome OS Update Available,https://www.daraz.pk/products/daraz-like-new-laptops-lenovo-chromebook-300e-2in1-x360-touch-screen-intel-celeron-4gb-ram-32gb-chrome-os-update-available-i439343751.html,,,,
"Daraz Like New Laptops - Lenovo ThinkPad X240 Ultra Book, Core i5 4th generation, 8GB Ram, 500GB Hard Drive, 12.1"" Led Display, Intel HD Graphics (Windows 10 Registered)",https://www.daraz.pk/products/x240-i5-4th-8gb-500gb-121-led-hd-10-i410024923.html,,,,
"Daraz Like New Laptops - Lenovo Thinkpad x250 Ultra Book, Core i5 5th generation, 8GB DDR3 Ram, 500GB Hard Drive, 12.1"" Led Display, Intel HD Graphics",https://www.daraz.pk/products/x250-5th-i5-8gb-ddr3-500gb-121-led-hd-i409481556.html,,,,
Daraz Like New Laptops - HP Chromebook 14 - 4GB Ram - 16GB Rom - Playstore Supported - 14 inch HD Display - Free Laptop Bag,https://www.daraz.pk/products/daraz-like-new-laptops-hp-chromebook-14-4gb-ram-16gb-rom-playstore-supported-14-inch-hd-display-free-laptop-bag-i448780234.html,,,,
"Dell Latitude 3380 Intel Core i5 7th Generation, 8GB DDR4 Ram, 128GB SSD Drive, 13.3"" HD Led Display Intel HD Graphics - Daraz Like New Laptops",https://www.daraz.pk/products/3380-7th-i5-8gb-ddr4-256gb-ssd-133-hd-led-hd-i673809795.html,,,,
Acer | Chromebook Spin 511 R752T | 32GB Storage | 4GB RAM | Intel UHD Graphics 500 | Intel Celeron N4020 | 11.6″ Display | Windows 10 | ChromeBook - Daraz Like New Laptops,https://www.daraz.pk/products/acer-chromebook-spin-511-r752t-32gb-storage-4gb-ram-intel-uhd-graphics-500-intel-celeron-n4020-116-display-windows-10-chromebook-daraz-like-new-laptops-i802221114.html,,,,
"Dell 3180 Chromebook 11.6 inches HD screen, 4GB Ram 16GB SSD, HDMI, WiFi, Webcam, Chrome OS - (FREE LAPTOP BAG) - Daraz like new laptops",https://www.daraz.pk/products/dell-3180-chromebook-116-inches-hd-screen-4gb-ram-16gb-ssd-hdmi-wifi-webcam-chrome-os-free-laptop-bag-daraz-like-new-laptops-i423733349.html,,,,
"Dell Chromebook 3100 | 4GB RAM | 16GB SSD EMMC | PLAYSTORE SUPPORTED | 11.6"" SCREEN SIZE",https://www.daraz.pk/products/dell-chromebook-3100-4gb-ram-16gb-ssd-emmc-playstore-supported-116-screen-size-i670786259.html,,,,
Lenovo | ChromeBook 100E | 4GB RAM | 32GB Storage | 11.6″ Display | Webcam | Playstore Supported | 2027 Updateable | ChromeBook,https://www.daraz.pk/products/100e-4gb-32gb-1-000-flact-116-i612707200.html,,,,
Top Adjustable Wooden Gaming Laptop Table With For Bed 4 Level Adjustment Board Foldable Stand Ergonomic Portable Drawing Notebook Reading Food Breakfast Serving With Mouse Space Area,https://www.daraz.pk/products/4-i493078193.html,,,,
Lenovo ThinkPad T450 Core-i5-5th Gen 8 GB RAM 256 GB SSD 14″ Display,https://www.daraz.pk/products/t450-core-i5-5th-8-gb-14-ssd-256-gb-i883378507.html,,,,
Lenovo N22/N23 Chromebook – 11.6″ – 4 GB RAM – 16 GB ROM – With Play Store - PUBG Supported,https://www.daraz.pk/products/n22n23-116-4-gb-16-gb-pubg-i374611935.html,,,,
"Acer 11.6"" C730 Chromebook PC with Intel Celeron N2840 Processor, Windows Converted",https://www.daraz.pk/products/c730-n2840-i890987877.html,,,,
"HP G8 Chromebook – 11.6"" HD Display, 4GB RAM, 32GB SSD – Lightweight Laptop for School, Work & Daily Use",https://www.daraz.pk/products/hp-g8-116-hd-4gb-32gb-ssd-i892195223.html,,,,
"Dell Latitude 6430, Core i5 3rd generation, 4 GB Ram, 500GB Hard Drive, 14"" Led Display, (Windows 10 Registered) FREE LAPTOP BAG",https://www.daraz.pk/products/6430-3rd-i5-4-gb-500gb-14-led-10-i419772532.html,,,,
Acer ChromeBook R11 | Touch Screen | 16GB Storage | 4GB RAM | 360 Rotatable | 11.6″ HD Display | Playstore Supported | - Daraz Like New Laptops,https://www.daraz.pk/products/acer-chromebook-r11-touch-screen-16gb-storage-4gb-ram-360-rotatable-116-hd-display-playstore-supported-daraz-like-new-laptops-i795800848.html,,,,
"Daraz Like New Laptops - Lenovo N23 Chromebook – 11.6″ – 4 G 4GB RAM, 16GB Storage, Chrome OS",https://www.daraz.pk/products/daraz-like-new-laptops-lenovo-n23-chromebook-116-4-g-4gb-ram-16gb-storage-chrome-os-i438312499.html,,,,
"LAPTOP Dell 3189 Convertible Chromebook 11.6 inches HD IPS Touchscreen, Intel Celeron N3060 Up to 2.48GHz, 4GB Ram 16GB SSD, HDMI, WiFi, Webcam, Chrome OS - FREE LAPTOP BAG - Daraz Like New Laptops",https://www.daraz.pk/products/laptop-dell-3189-convertible-chromebook-116-inches-hd-ips-touchscreen-intel-celeron-n3060-up-to-248ghz-4gb-ram-16gb-ssd-hdmi-wifi-webcam-chrome-os-free-laptop-bag-daraz-like-new-laptops-i489069898.html,,,,
"HP Chromebook 11 G8 EE Education laptop, Intel Celeron Dual - Core N4020, 4GB DDR4 Ram, 32GB eMMC, 11.6-inch WLED HD Webcam, Play Store Chrome OS, Updates til 2029",https://www.daraz.pk/products/hp-chromebook-11-g8-ee-education-laptop-intel-celeron-dual-core-n4020-4gb-ddr4-ram-32gb-emmc-116-inch-wled-hd-webcam-play-store-chrome-os-updates-til-2029-i264660504.html,,,,
HP Chromebook 14 G5 - 14 - inch HD  Widescreen Laptop Computer - Intel Celeron N3350 up to 2.4GHz - 4GB DDR4 Memory - 64GB eMMC Flash Memory - 802.11ac - Bluetooth - USB-C 3.1 - Chrome OS - Play Store - Refurbished,https://www.daraz.pk/products/hp-chromebook-14-g5-14-inch-hd-widescreen-laptop-computer-intel-celeron-n3350-up-to-24ghz-4gb-ddr4-memory-64gb-emmc-flash-memory-80211ac-bluetooth-usb-c-31-chrome-os-play-store-refurbished-i904226076.html,,,,
Daraz Like New Laptops - Lenovo N22 Chromebook – 11.6″ – 4 GB RAM – 16 GB ROM – With Play Store - PUBG Supported -,https://www.daraz.pk/products/daraz-like-new-laptops-lenovo-n22-chromebook-116-4-gb-ram-16-gb-rom-with-play-store-pubg-supported-i413236353.html,,,,
"Dell Chromebook 3100 2in1 TOUCHSCREEN | 4GB RAM | 32GB SSD EMMC | PLAYSTORE SUPPORTED | 11.6"" TOUCHSCREEN",https://www.daraz.pk/products/1-2-air-4gb-32gb-ssd-emmc-i891462823.html,,,,
"Lenovo | ChromeBook 500E Touch Screen | 360 Rotatable  | Intel N3450 Processor, 4GB DDR4 RAM | 32GB Storage | Dual Cam front & Rear | 11.6″ Display | Playstore Supported | Touch Screen | Chrome OS",https://www.daraz.pk/products/67-500e-n3450-4gb-ddr4-32gb-116-os-i877119979.html,,,,
Daraz Like New Laptops - HP | Chromebook 14 G5 | 16GB Storage | 4GB RAM | 14.1″ HD Display | Updated Version | Playstore Supported | With Type C fast charging Charger,https://www.daraz.pk/products/daraz-like-new-laptops-hp-chromebook-14-g5-16gb-storage-4gb-ram-141-hd-display-updated-version-playstore-supported-with-type-c-fast-charging-charger-i420121765.html,,,,
"Dell Latitude 5430, Core i5 3rd generation, 8GB Ram, 500GB Hard Drive, 14"" Led Display, (Windows 10 Registered) FREE LAPTOP BAG - Daraz Like New Laptops",https://www.daraz.pk/products/5430-3rd-i5-8gb-500gb-14-led-10-i450674606.html,,,,
LENOVO THINKPAD T430 14-inch Notebook 2.60 GHz Intel Core i5 3rd Generation 4GB Ram 250GB Hard disk Windows® 10 Activated - Free Laptop Bag,https://www.daraz.pk/products/14-t430-260-ghz-i5-3rd-4gb-250gb-10-i250208039.html,,,,
Daraz Like New Laptops - Lenovo N22/N23 Chromebook – 11.6″ – 4 GB RAM – 16 GB ROM – With Play Store - PUBG Supported,https://www.daraz.pk/products/n22n23-116-4-gb-16-gb-pubg-i409781275.html,,,,
"Dell 3180 Chromebook - WIndows 10 - 11.6 inches HD screen, 4GB Ram 16GB SSD, HDMI, WiFi, Webcam,",https://www.daraz.pk/products/3180-10-116-hd-4gb-16gb-ssd-hdmi-wifi-i830686052.html,,,,
Lenovo Thinkpad X240 - Core i5 4th Generation - 8GB RAM - 500GB HDD - 12.5inches Screen - FREE LAPTOP BAG,https://www.daraz.pk/products/x240-4th-i5-8gb-500gb-hdd-125-i363477868.html,,,,
"Dell 3189 Convertible Chromebook 11.6 inches HD IPS Touchscreen, Intel Celeron N3060 Up to 2.48GHz, 4GB Ram 32GB SSD, HDMI, WiFi, Webcam, Chrome OS - FREE LAPTOP BAG - Daraz Like New Laptops",https://www.daraz.pk/products/4gb-4gb-32gb-ssd-hdmi-wifi-n3060-hd-ips-n3060-os-i602940334.html,,,,
Lenovo ThinkPad X230 - Core i5 - 3rd Gen - 4 GB RAM - 250 GB - 12..5″ Windows 10 - (Free Laptop Bag) - Daraz like new laptops - USED LAPTOP,https://www.daraz.pk/products/lenovo-thinkpad-x230-core-i5-3rd-gen-4-gb-ram-250-gb-125-windows-10-free-laptop-bag-daraz-like-new-laptops-used-laptop-i536879727.html,,,,
Dell 7280 - Core i5 7th Generation - 8GB RAM - 256GB SSD - 12.5inch Screen - FREE LAPTOP BAG (Windows 11 Licensed) - Daraz like new laptops,https://www.daraz.pk/products/dell-7280-core-i5-7th-generation-8gb-ram-256gb-ssd-125inch-screen-free-laptop-bag-windows-11-licensed-daraz-like-new-laptops-i435990513.html,,,,
"Daraz Like New Laptops - Lenovo ThinkPad X220 Ultra Book, Core i5 2nd generation, 8GB DDR3 Ram, 320GB Hard Drive, 12.1"" Led Display, Intel HD Graphics",https://www.daraz.pk/products/daraz-like-new-laptops-lenovo-thinkpad-x220-ultra-book-core-i5-2nd-generation-8gb-ddr3-ram-320gb-hard-drive-121-led-display-intel-hd-graphics-i438122100.html,,,,
"Dell Latitude 6430, Core i5 3rd generation, 8GB Ram, 500GB Hard Drive, 14"" Led Display, (Windows 10 Registered) FREE LAPTOP BAG",https://www.daraz.pk/products/dell-latitude-6430-core-i5-3rd-generation-8gb-ram-500gb-hard-drive-14-led-display-windows-10-registered-free-laptop-bag-i688037552.html,,,,
Daraz Like New Laptops - HP | Chromebook 14 G5 | 32GB Storage | 4GB RAM | 14.1″ HD Display | Updated Version | Playstore Supported | With Type C fast charging Charger,https://www.daraz.pk/products/daraz-like-new-laptops-hp-chromebook-14-g5-32gb-storage-4gb-ram-141-hd-display-updated-version-playstore-supported-with-type-c-fast-charging-charger-i416746763.html,,,,
Daraz Like New Laptops - HP | Chromebook 14 G5 | 32GB Storage | 4GB RAM | 14.1″ HD Display | Updated Version | Playstore Supported | With Type C fast charging Charger,https://www.daraz.pk/products/daraz-like-new-laptops-hp-chromebook-14-g5-32gb-storage-4gb-ram-141-hd-display-updated-version-playstore-supported-with-type-c-fast-charging-charger-i478669670.html,,,,
SAMSUNG Chromebook 4 Intel® Celeron® Processor N4000 4GB RAM 32GB eMMC 11.6” HD Chrome OS™ 2029 UPDATE Silver Open Box Condition - Daraz Like New Laptops,https://www.daraz.pk/products/samsung-chromebook-4-intel-celeron-processor-n4000-4gb-ram-32gb-emmc-116-hd-chrome-os-2029-update-silver-open-box-condition-daraz-like-new-laptops-i437347445.html,,,,
Dell Chromebook 3189 | 32GB Storage | 4GB RAM | ‎Intel Celeron 1.60GHz | 11.6 Inch Display | Playstore Supported Laptop Chromebook Daraz Like New Laptops,https://www.daraz.pk/products/dell-chromebook-3189-32gb-storage-4gb-ram-intel-celeron-160ghz-116-inch-display-playstore-supported-laptop-chromebook-daraz-like-new-laptops-i468655696.html,,,,
"Dell Latitude 5490 Ultra Book, Core i5 8th generation, 8GB DDR Ram, 256GB Solid State Drive SSD, 14.1"" FHD Led Display, Intel HD Graphics (Windows 11 Licensed) - Daraz like new laptops",https://www.daraz.pk/products/dell-latitude-5490-ultra-book-core-i5-8th-generation-8gb-ddr-ram-256gb-solid-state-drive-ssd-141-fhd-led-display-intel-hd-graphics-windows-11-licensed-daraz-like-new-laptops-i456074877.html,,,,
Daraz Like New Laptops - Lenovo Thinkpad X230 Core i5 3rd Gen 4GB RAM 500GB 12.5″ Windows 10 (Free Laptop Bag),https://www.daraz.pk/products/x230-i5-3rd-4gb-500-10-i451979359.html,,,,
Lenovo Thinkpad T470 - Core i5 7th Generation - 8GB DDR4 - 256GB SSD - 14inch Screen - FREE LAPTOP BAG - Daraz like new laptops,https://www.daraz.pk/products/lenovo-thinkpad-t470-core-i5-7th-generation-8gb-ddr4-256gb-ssd-14inch-screen-free-laptop-bag-daraz-like-new-laptops-i392480090.html,,,,
Acer | C740 | 256GB Storage | 4GB RAM | Windows 10 / 11.6″ Display | Play Store Supported | Android Apps Supported | Chromebook - FREE LAPTOP BAG,https://www.daraz.pk/products/c740-4gb-air-4gb-10256-i478461837.html,,,,
Acer ChromeBook R11 - Touch Screen Laptop - 16GB Storage - 4GB RAM - 360 Rotatable - 11.6″ HD Display - Playstore Supported - Long Battery Life - Free Laptop Bag - Daraz like new laptops,https://www.daraz.pk/products/acer-chromebook-r11-touch-screen-laptop-16gb-storage-4gb-ram-360-rotatable-116-hd-display-playstore-supported-long-battery-life-free-laptop-bag-daraz-like-new-laptops-i428048672.html,,,,
Acer ChromeBook R11 - Touch Screen Laptop - 16GB/32GB Storage - 4GB RAM - 360 Rotatable - 11.6″ HD Display - Playstore Supported - Long Battery Life,https://www.daraz.pk/products/r11-16gb32gb-4gb-360-hd-i802876461.html,,,,
Daraz Like New Laptops - HP Chromebook 11 G8 | 32GB Storage | 4GB RAM | 11.6″ Display | 2027 Update Available | Playstore Supported | Dual Core | Chrome Book,https://www.daraz.pk/products/daraz-like-new-laptops-hp-chromebook-11-g8-32gb-storage-4gb-ram-116-display-2027-update-available-playstore-supported-dual-core-chrome-book-i416752129.html,,,,
Lenovo Thinkpad X250 - Core i5 5th Generation - 8GB RAM - 500GB HDD - 12.5inches Screen - FREE LAPTOP BAG,https://www.daraz.pk/products/x250-5th-i5-8gb-500gb-hdd-125-i432522341.html,,,,
"Dell 3189 Convertible Chromebook 11.6 inches HD IPS Touchscreen, Intel Celeron N3060 Up to 2.48GHz, 4GB Ram 16GB / 32GB SSD, HDMI, WiFi, Webcam, Chrome OS - FREE LAPTOP BAG - USED LAPTOP",https://www.daraz.pk/products/dell-3189-convertible-chromebook-116-inches-hd-ips-touchscreen-intel-celeron-n3060-up-to-248ghz-4gb-ram-16gb-32gb-ssd-hdmi-wifi-webcam-chrome-os-free-laptop-bag-used-laptop-i883523616.html,,,,
