"Title,Price (PKR),Rating,Reviews"
"HP 15s Ryzen 5 Quad Core,151,767,4.3,""3,214 Ratings & 512 Reviews"""
"ASUS Vivobook 15 Core i5 12th Gen,189,717,4.4,""2,187 Ratings & 431 Reviews"""
"Lenovo Ideapad Slim 3 Intel i3 11th Gen,128,667,4.2,""5,321 Ratings & 874 Reviews"""
"Apple MacBook Air M1,306,867,4.7,""12,541 Ratings & 1,872 Reviews"""
"Dell Inspiron 3511 Intel i5,174,867,4.1,""4,012 Ratings & 1,123 Reviews"""
"Acer Aspire 7 Ryzen 5 Hexa Core,163,317,4.5,""8,721 Ratings & 2,231 Reviews"""
"HP Victus Gaming Ryzen 7,240,867,4.6,""1,213 Ratings & 456 Reviews"""
"Lenovo Legion 5 Ryzen 7,379,467,4.7,""5,612 Ratings & 1,954 Reviews"""
"ASUS TUF Gaming F15 Core i7 12th Gen,296,967,4.5,""3,765 Ratings & 1,322 Reviews"""
"Microsoft Surface Laptop Go 2,217,767,4.3,""1,092 Ratings & 334 Reviews"""
